HEBP1_GRM7,0.0
DCN_EGFR,0.01775147928994082
DCN_ERBB4,0.0
GRN_TNFRSF1A,1.0
GRN_SORT1,0.5
GRN_TNFRSF1B,1.0
GRN_CLEC4M,0.0
GRN_EGFR,0.0769230769230769
UTS2_UTS2R,0.0
ICAM3_CLEC4M,0.0
ICAM3_ITGB2,0.1538461538461538
ICAM3_CD209,0.1538461538461538
ICAM3_ITGAD,0.1479289940828402
CEACAM1_CD209,1.0
CEACAM1_SELE,0.0
CEACAM1_EGFR,0.0769230769230769
FGF4_FGFR2,0.0
FGF4_FGFR3,0.0
NTN1_UNC5D,0.0
NTN1_DCC,0.0
NTN1_UNC5A,0.0
NTN1_ADORA2B,0.6124260355029585
NTN1_UNC5C,0.0
NTN1_NEO1,0.06656804733727807
SCT_ADCYAP1R1,0.0
SCT_VIPR1,0.0
SCT_ADRB3,0.0
SCT_GPR84,0.0
FGF20_FGFR3,0.0
FGF20_FGFR2,0.0153846153846153
DLL3_NOTCH2,0.0
DLL3_NOTCH3,0.0
VCL_ITGB5,0.0
EFNA2_EPHA7,0.0
EFNA2_EPHA10,0.0
EFNA2_EPHA3,0.0
EFNA2_EPHA6,0.0
EFNA2_EPHA4,0.0
EFNA2_EPHA2,0.0
MADCAM1_ITGA4,0.7846153846153846
MADCAM1_ITGB7,0.7846153846153846
TCN2_CNR1,0.0
LGALS1_PTPRC,1.0
NID2_COL13A1,0.0
RSPO4_LGR4,0.0
RSPO4_LGR5,0.0
OXT_AVPR1A,0.0
OXT_OXTR,0.0
TIMP1_FGFR2,1.0
MMP2_PECAM1,1.0
MMP2_SDC2,0.0
CCL17_CCR4,0.0002958579881656784
CCL17_CCR8,0.0
DKK4_LRP6,0.01804733727810648
LHB_LHCGR,0.0
LHB_VIPR1,0.0
LHB_ADCYAP1R1,0.0
LHB_GPR84,0.0
LHB_ADRB3,0.0
AMH_EGFR,0.001183431952662715
AMH_ACVR1,0.0002958579881656784
AMH_AMHR2,0.0
COMP_CD36,0.0
COMP_ITGB3,0.0
LAMB1_ITGA7,0.0
LAMB1_ITGA2,1.0
LAMB1_ITGA3,0.0
WNT16_FZD6,0.0
PDAP1_PDGFRB,0.8653846153846154
C5_GRM7,0.0
C5_C5AR2,0.2565088757396449
C5_C5AR1,0.25147928994082835
WNT3_RYK,0.015088757396449623
WNT3_ROR2,0.0
WNT3_FZD5,0.012426035502958512
WNT3_LRP6,0.0002958579881656784
CCL2_CCR4,0.0192307692307692
CCL2_CCR1,0.0769230769230769
CCL2_CCR10,0.0
CCL2_CCR3,0.0
COL1A1_CD93,0.7393491124260355
COL1A1_DDR2,0.0
COL1A1_ITGA11,0.10562130177514792
COL1A1_ITGA2,0.7846153846153846
COL1A1_CD36,0.7846153846153846
COL1A1_DDR1,0.01508875739644968
EFNB3_RHBDL2,0.0
EFNB3_EPHA4,0.0
EFNB3_EPHB2,0.0
EFNB3_EPHB6,0.0
VTN_ITGB5,0.0
VTN_ITGA8,0.0
VTN_CD47,0.0
VTN_KDR,0.0
VTN_ITGA2B,0.0
VTN_TNFRSF11B,0.0
VTN_ITGB8,0.0
VTN_ITGB6,0.0
VTN_ITGB3,0.0
VTN_ITGA3,0.0
CXCL6_CXCR2,0.0
CXCL6_GRM7,0.0
IL2_IL2RG,0.0
IL2_CD53,0.0
APOC3_LDLR,0.0
APOC3_SDC2,0.0
APOC3_LRP1,0.0
KITLG_KIT,0.9088757396449707
CLEC2B_KLRF1,1.0
IL23A_IL12RB1,0.0153846153846153
IL23A_IL12RB2,0.007988165680473329
FGF6_FGFR2,0.0153846153846153
FGF6_FGFR3,0.0
IL26_IL10RB,0.0
IL26_IL20RA,0.0
IFNG_IFNGR2,0.0
IFNG_IFNGR1,0.0
GNB3_GABBR2,0.0
ULBP1_KLRK1,0.9846153846153848
LAMA4_ITGA3,0.0
HBEGF_CD82,1.0
HBEGF_ERBB2,0.7307692307692307
HBEGF_EGFR,0.0769230769230769
HBEGF_ERBB4,0.0
HBEGF_CD9,0.0576923076923076
LTF_LRP1,0.02899408284023664
TFPI_LRP1,0.0384615384615384
TFPI_F3,1.0
WNT6_FZD4,0.0
ANGPTL1_TEK,0.0
TGFB3_ITGB6,0.0
TGFB3_ITGB3,0.0
TGFB3_TGFBR2,1.0
TGFB3_ITGB5,0.0
IFNA7_IFNAR2,0.0
IFNA7_IFNAR1,0.0
IAPP_RAMP1,0.5769230769230769
IAPP_CALCR,0.0
IAPP_GPR84,0.0
IAPP_ADRB3,0.0
IAPP_ADCYAP1R1,0.0769230769230769
IAPP_VIPR1,0.0
TNFSF10_TNFRSF11B,0.0
TNFSF10_TNFRSF10B,1.0
TNFSF10_TNFRSF10D,0.0
TNFSF10_RIPK1,0.9807692307692308
EREG_ERBB3,1.0
EREG_ERBB4,0.0
EREG_EGFR,0.0769230769230769
EREG_ERBB2,0.7307692307692307
EFNB2_EPHB2,0.0
EFNB2_EPHA4,0.173076923076923
EFNB2_EPHA6,0.0
EFNB2_EPHA3,1.0
EFNB2_EPHB6,0.0192307692307692
EFNB2_PECAM1,1.0
EFNB2_RHBDL2,1.0
EFNB2_GRM1,0.0
BMP4_BMPR1A,0.018343195266272164
BMP4_LRP6,0.018343195266272164
PSPN_GFRA3,0.0
PSPN_SDC3,0.0
PSPN_GFRA4,0.0
TNFSF9_TNFRSF9,0.9076923076923076
C3_CD46,0.3538461538461538
C3_ITGAX,0.3538461538461538
C3_CR1,0.3538461538461538
C3_ITGAM,0.3538461538461538
C3_C5AR2,0.34704142011834316
C3_LRP1,0.013609467455621279
C3_GRM7,0.0
C3_ITGB2,0.3538461538461538
VASP_CXCR2,1.0
DLL4_NOTCH3,0.0
DLL4_NOTCH2,0.9846153846153848
TPH1_HTR7,0.0
TPH1_HTR1A,0.0
TPH1_HTR1D,0.0
TPH1_HTR2C,0.0
TPH1_HTR2B,0.0
TPH1_HTR4,0.0
TPH1_HTR6,0.0
APOE_SORL1,0.0461538461538461
APOE_SCARB1,0.0
APOE_LRP4,0.000887573964497039
APOE_LDLR,0.0461538461538461
APOE_LRP8,0.03994082840236682
APOE_LRP6,0.000887573964497039
APOE_SDC2,0.0
APOE_LRP1,0.001775147928994078
NCAN_SDC3,0.0
BST2_LILRA4,0.0
F12_CD93,0.014497041420118265
F12_GP1BA,0.0
CRP_CR1,0.0
TSHB_VIPR1,0.0
TSHB_ADCYAP1R1,0.0
TSHB_GPR84,0.0
TSHB_ADRB3,0.0
DSC1_DSG3,0.9076923076923076
LACRT_SDC1,0.0
GDF11_BMPR1A,0.0005917159763313587
GDF11_ACVR1B,0.0011834319526627174
GDF11_ACVR2B,0.0
IL1RN_IL1R1,0.0
IL36A_IL36RN,0.0
CCL21_GRM7,0.0
CCL21_CCR7,0.4807692307692308
MMP7_CD151,0.0
MMP7_SDC1,0.0
MMP7_ERBB4,0.0
THBS1_ITGA4,1.0
THBS1_LRP1,0.0384615384615384
THBS1_SDC1,0.0
THBS1_ITGB3,0.0
THBS1_CD36,1.0
THBS1_SCARB1,0.0
THBS1_ITGA2B,0.0
THBS1_TNFRSF11B,0.0
THBS1_CD47,1.0
THBS1_ITGA3,0.0
MSTN_ACVR2B,0.0
VWF_LRP1,0.0384615384615384
VWF_ITGB3,0.0
VWF_GP1BA,0.0
VWF_ITGA2B,0.0
VWF_TNFRSF11B,0.0
VWF_SELP,0.0
VWF_SCARA5,0.0
VWF_STAB2,0.0
VWF_SIRPA,0.0384615384615384
CDH1_KLRG1,0.9807692307692308
CDH1_ITGAE,0.9423076923076924
CDH1_PTPRM,0.9615384615384616
CDH1_ERBB3,1.0
CDH1_ITGB7,1.0
CDH1_EGFR,0.0769230769230769
TIMP2_ITGA3,0.0
IL1A_IL1R1,0.0
IL1B_IL1R1,0.7076923076923077
IL1B_SIGIRR,0.7076923076923077
IL7_IL7R,1.0
IL7_IL2RG,1.0
CKLF_CCR4,0.018934911242603523
CKLF_LRP6,0.018934911242603523
FARP2_PLXNA1,0.8899408284023671
FARP2_PLXNA3,0.8520710059171599
LAMC2_CD151,0.7307692307692307
LAMC2_ITGA2,1.0
LAMC2_COL17A1,0.0
LAMC2_ITGA3,0.0
NID1_ITGA3,0.0
NID1_ITGB3,0.0
NID1_COL13A1,0.0
NMU_GRM7,0.0
NMU_NMUR1,0.0
NMU_NMUR2,0.0
FGF2_SDC3,0.0
FGF2_SDC2,0.0
FGF2_SDC1,0.0
FGF2_FGFR3,0.0
FGF2_FGFR2,0.9846153846153848
FGF2_GPC4,0.0
FGF10_FGFR2,0.0
OLFM2_ROBO2,0.000887573964497039
F13A1_ITGA9,0.0
F13A1_ITGA4,0.0
KNG1_ITGAM,0.0153846153846153
KNG1_SDC2,0.0
KNG1_CD93,0.014497041420118265
KNG1_GP1BA,0.0
KNG1_GRM7,0.0
KNG1_ITGB2,0.0153846153846153
KNG1_BDKRB1,0.0
KNG1_RXFP4,0.0
EGF_FSHR,0.0
EGF_AXL,0.4307692307692308
EGF_EGFR,0.03313609467455621
EGF_ERBB4,0.0
EGF_ERBB2,0.31479289940828403
EGF_RHBDL2,0.4307692307692308
EGF_LDLR,0.4307692307692308
EGF_ERBB3,0.4307692307692308
WNT2_FZD4,0.0153846153846153
WNT2_FZD2,0.0153846153846153
WNT2_LRP6,0.0002958579881656784
WNT2_FZD5,0.012426035502958512
WNT2_FZD3,0.0153846153846153
WNT2_FZD9,0.0
NPTX2_NPTXR,0.0153846153846153
GAL_GALR1,0.0
GAL_GALR3,0.0
GAL_GRM7,0.0
ADAM2_ITGB7,0.0
ADAM2_CD9,0.0
ADAM2_ITGA9,0.0
ADAM28_ITGA4,0.0153846153846153
INHBE_ACVR2B,0.0
DHH_PTCH1,0.04615384615384612
DHH_BOC,0.0
DHH_CDON,0.4
DHH_PTCH2,0.007692307692307681
NPFF_NPFFR1,0.0
NPFF_NPFFR2,0.5076923076923077
FGF7_FGFR2,0.0
FGF7_FGFR3,0.0
MFGE8_PDGFRB,0.8653846153846154
MFGE8_ITGB3,0.0
CGN_F11R,0.0
CGN_TGFBR2,0.0
REN_ATP6AP2,0.0
GDF7_BMPR1A,0.0
CALM2_SELL,0.9615384615384616
CALM2_EGFR,0.0769230769230769
CALM2_GRM7,0.0
CALM2_TRPC5,0.0
CALM2_CACNA1C,0.0384615384615384
CALM2_KCNQ3,0.0
CALM2_MYLK,0.0
CALM2_PDE1A,0.0
CALM2_PDE1C,0.0
CALM2_GP6,1.0
CALM2_AQP6,1.0
CALM2_SCN10A,0.0
CALM2_AQP1,0.0
CALM2_SCN4A,0.0
NXPH2_NRXN1,0.0
UCN2_IL10RB,0.0
UCN2_CRHR2,0.0
UCN2_CRHR1,0.0
SFRP2_FZD5,0.5964497041420119
IL9_IL2RG,0.0
IL9_IL9R,0.0
FGF18_FGFR3,0.0
FGF18_FGFR2,0.0153846153846153
LIN7C_HTR2C,0.0
LIN7C_KCNJ4,0.0
SERPING1_SELP,0.0
SERPING1_SELE,0.0
GPHA2_EPHA6,0.0
IL18_IL18R1,0.9846153846153848
IL18_IL18BP,0.037869822485207046
IL18_IL18RAP,0.9846153846153848
PTH_LRP6,0.0
PTH_ADRB3,0.0
PTH_GPR84,0.0
PTH_ADCYAP1R1,0.0
PTH_VIPR1,0.0
BMP3_ACVR2B,0.0
BMP3_BMPR1A,0.01745562130177512
WNT3A_LGR5,0.0
WNT3A_LRP1,0.0
WNT3A_LRP6,0.0
WNT3A_FZD6,0.0
WNT3A_FZD2,0.0
WNT3A_FZD5,0.0
WNT3A_RYK,0.0
WNT3A_ATP6AP2,0.0
WNT3A_FZD3,0.0
APP_FPR2,0.0192307692307692
APP_RPSA,1.0
APP_TNFRSF21,0.0192307692307692
APP_AGER,0.5769230769230769
APP_PTGER2,1.0
APP_APLP2,0.9615384615384616
APP_LRP6,0.0192307692307692
APP_SORL1,1.0
APP_LRP1,0.0384615384615384
APP_NOTCH2,1.0
APP_GRM7,0.0
APP_DCC,0.0
WNT7A_LDLR,0.0
WNT7A_LRP6,0.0
WNT7A_FZD5,0.0
WNT7A_FZD10,0.0
WNT7A_FZD9,0.0
DKK2_LRP6,0.0
WIF1_RYK,0.0
CXCL13_CXCR5,0.0
CXCL13_CCR10,0.0
CXCL13_GRM7,0.0
GDF6_BMPR1A,0.0
NODAL_ACVR1B,0.0
NODAL_ACVR2B,0.0
NODAL_SMAD3,0.0
NODAL_ACVR1C,0.0
SST_SSTR2,0.0
SST_SSTR3,0.0
SST_GRM7,0.0
CALM3_AR,0.0
CALM3_SCN4A,0.0
CALM3_AQP1,0.0
CALM3_AQP6,1.0
CALM3_GP6,1.0
CALM3_SCN10A,0.0
CALM3_PDE1C,0.0
CALM3_PDE1A,0.0
CALM3_KCNQ3,0.0
CALM3_MYLK,0.0
CALM3_CACNA1C,0.0384615384615384
CALM3_TRPC5,0.0
CALM3_SELL,0.9615384615384616
CALM3_GRM7,0.0
CALM3_EGFR,0.0769230769230769
TFF1_FCRL4,0.0
S100A1_AGER,0.0
S100A1_TRPM3,0.0
S100A1_RYR1,0.0
S100A1_TLR4,0.0
SCGB3A1_NOTCH3,0.0
SCGB3A1_MARCO,0.0
HCRT_HCRTR1,0.0
HCRT_NPFFR2,0.0
SHANK1_SSTR2,0.0
WNT1_FZD9,0.0
WNT1_FZD3,0.0
WNT1_ROR2,0.0
WNT1_RYK,0.0
WNT1_FZD5,0.0
WNT1_LRP6,0.0
NTN3_NEO1,0.0
NTN3_CDON,0.0
FGF19_KLB,0.0
FGF19_FGFR2,0.0
FGF19_FGFR3,0.0
DRAXIN_DCC,0.0
ARPC5_LDLR,1.0
TGFA_ERBB3,1.0
TGFA_ERBB2,0.7307692307692307
TGFA_EGFR,0.0769230769230769
TGFA_ERBB4,0.0
COL6A3_ITGA2,0.0153846153846153
CXCL3_CXCR2,0.9846153846153848
CXCL3_GRM7,0.0
CXCL5_GRM7,0.0
CXCL5_CXCR2,0.0153846153846153
PPBP_CXCR2,0.0
PPBP_GRM7,0.0
PF4_GRM7,0.0
PF4_FGFR2,0.0
PF4_LRP1,0.0
PF4_LDLR,0.0
PF4_THBD,0.0
PF4_SDC2,0.0
PF4_PROCR,0.0
UCN_CRHR2,0.0
UCN_CRHR1,0.0
LIPH_LPAR1,0.0
LIPH_LPAR2,0.0
CAMP_EGFR,0.0
CAMP_FPR2,0.0
IL15_IL15RA,0.25
IL15_IL2RG,1.0
SCGB3A2_MARCO,0.0
IL3_CSF2RB,0.0
IL3_IL3RA,0.0
COL1A2_ITGA2B,0.0
COL1A2_ITGA2,0.0923076923076923
COL1A2_CD93,0.08698224852071006
COL1A2_ITGA11,0.012426035502958578
COL1A2_ITGB3,0.0
COL1A2_CD36,0.0923076923076923
DEFB1_CCR6,0.0
ARF6_SMAP1,0.9807692307692308
JAM3_ITGB2,0.9846153846153848
HSP90B1_LRP1,0.0384615384615384
HSP90B1_ERBB2,0.7307692307692307
HSP90B1_TLR4,0.8461538461538461
HSP90B1_ASGR1,0.0
HSP90B1_TLR9,0.0
COL6A2_ITGA2,1.0
ANGPTL4_GPIHBP1,0.0
ANGPTL4_TIE1,0.8710059171597634
FADD_FAS,0.9656804733727813
DEFB4A_TLR4,0.0
CD14_TLR4,0.8461538461538461
CD14_TLR6,1.0
CD14_RIPK1,0.9807692307692308
CD14_ITGB2,1.0
CD14_ITGA4,1.0
CD14_TLR9,0.0
COL3A1_DDR2,0.0
COL3A1_DDR1,0.000887573964497039
COL3A1_ITGA2,0.0461538461538461
NLGN2_MDGA1,0.0
NLGN2_NRXN1,0.0192307692307692
NLGN2_NRXN2,0.0
BMP1_BMPR1A,0.0192307692307692
FGB_ITGA2B,0.0
FGB_TLR4,0.8201183431952662
FGB_ITGAM,0.9692307692307692
FGB_ITGB3,0.0
FGB_ITGB2,0.9692307692307692
FGA_ITGB2,0.0
FGA_ITGAD,0.0
FGA_ITGB3,0.0
FGA_ITGAM,0.0
FGA_TLR4,0.0
FGA_ITGA2B,0.0
FGA_ITGAX,0.0
FGA_CDH5,0.0
CXCL11_GRM7,0.0
CXCL11_CCR3,0.0
CXCL11_DPP4,0.00621301775147928
PRND_RPSA,1.0
NPTX1_NPTXR,0.0
CCL19_CCR10,0.0
CCL19_GRM7,0.0
CCL19_CCR7,0.12573964497041418
CCL19_CCRL2,0.005029585798816559
PLG_F2R,0.0153846153846153
PLG_FLT1,0.0153846153846153
PLG_F2RL1,0.015088757396449623
PLG_ITGA9,0.0
PLG_ITGB2,0.0153846153846153
PLG_ITGAM,0.0153846153846153
PLG_F3,0.0153846153846153
CSHL1_GHR,0.0
LPL_GPIHBP1,0.0
LPL_LRP1,0.0011834319526627174
LPL_SDC1,0.0
EFEMP2_PLSCR4,0.0
EFEMP2_AQP1,0.0
VEGFB_FLT1,1.0
GH1_GHR,0.0
GNAI2_C5AR1,0.9615384615384616
GNAI2_LHCGR,0.0
GNAI2_CNR1,0.0
GNAI2_CXCR2,1.0
GNAI2_EGFR,0.0769230769230769
GNAI2_LPAR3,0.0
GNAI2_ADORA1,0.0
GNAI2_ADRA2B,0.0
GNAI2_FPR1,0.0192307692307692
GNAI2_TBXA2R,1.0
GNAI2_EDNRB,0.0192307692307692
GNAI2_ADCY7,1.0
GNAI2_F2R,1.0
GNAI2_ADCY9,0.0192307692307692
GNAI2_S1PR4,0.8461538461538461
GNAI2_S1PR1,1.0
GNAI2_CHRM1,0.0
TLN1_ITGB3,0.0
TLN1_ITGB5,0.0
TAC1_TACR1,0.0
TAC1_TACR2,0.0
LPA_LPAR3,0.0
LPA_LPAR2,0.0005917159763313568
LPA_LPAR1,0.0
LPA_ITGB2,0.0153846153846153
LPA_ITGAM,0.0153846153846153
MMP1_ITGA2,0.0461538461538461
LAMA3_ITGA3,0.0
LAMA3_SDC2,0.0
SEMA6D_KDR,0.018934911242603523
SEMA6D_PLXNA1,0.8899408284023671
WNT11_MUSK,0.0
WNT11_KLRG2,0.0
PSEN1_NOTCH3,0.0
PSEN1_NOTCH2,0.9846153846153848
BGN_LY96,0.0192307692307692
BGN_TLR4,0.8461538461538461
IZUMO1_CD9,0.0
JAG2_NOTCH2,1.0
JAG2_NOTCH3,0.0
NXPH3_NRXN2,0.0
NXPH3_NRXN1,0.0002958579881656784
CNTN2_CNTN1,0.0
CALCA_ADRB3,0.0
CALCA_GPR84,0.0
CALCA_ADCYAP1R1,0.0
CALCA_VIPR1,0.0
CALCA_CALCR,0.0
CALCA_RAMP1,0.0
CALCA_CALCRL,0.0
SLIT3_ROBO2,0.018934911242603523
SLIT3_ROBO1,0.0
GH2_GHR,0.0
FGF3_FGFR2,0.0
FGF3_FGFR3,0.0
GHRL_TBXA2R,0.5230769230769231
GHRL_PTGER3,0.0
GHRL_GHRHR,0.0
GHRL_PTGIR,0.0
FGG_ITGB3,0.0
FGG_TLR4,0.0
FGG_ITGA2B,0.0
FGG_ITGB2,0.0
CXCL14_CXCR4,0.0
EDN3_KEL,0.0
EDN3_EDNRB,0.0
RTN4_TNFRSF19,0.0192307692307692
RTN4_RTN4RL1,0.0
NTN4_DCC,0.0
NTN4_UNC5A,0.0
WNT7B_FZD4,1.0
WNT7B_FZD10,0.0
WNT7B_TMED5,1.0
ICAM4_RHAG,0.0
ICAM4_ITGA4,1.0
ICAM4_ITGB2,1.0
ICAM4_ITGAM,1.0
ICAM4_ITGB3,0.0
ICAM4_ITGA2B,0.0
HMGB1_TLR9,0.0
HMGB1_CD163,0.0192307692307692
HMGB1_AGER,0.5769230769230769
HMGB1_CXCR4,1.0
HMGB1_SDC1,0.0
HMGB1_THBD,0.0
HMGB1_TLR4,0.8461538461538461
COL18A1_ITGB5,0.0
COL18A1_ITGB3,0.0
COL18A1_KDR,0.0192307692307692
COL18A1_ITGA3,0.0
COL18A1_GPC4,0.0
HP_CD22,0.0
HP_ASGR2,0.0
HP_CD163,0.018934911242603523
HP_TLR4,0.8331360946745563
HP_ITGAM,0.9846153846153848
HP_ASGR1,0.0
HP_ITGB2,0.9846153846153848
RSPO1_LGR4,0.0
RSPO1_LGR5,0.0
RSPO1_LRP6,0.0
RSPO1_ZNRF3,0.0
ADAM15_ITGB3,0.0
ADAM15_ITGA9,0.0
APOA4_LDLR,0.0
APOA4_LRP1,0.0
GAD1_GRM4,0.0
NLGN3_NRXN1,0.015384615384615361
NLGN3_NRXN2,0.0
CCL20_CCR6,0.0
CCL20_GRM7,0.0
PYY_GRM7,0.0
PYY_DPP4,0.0002958579881656784
PYY_NPY5R,0.0
PYY_NPY1R,0.0
PYY_FAP,0.0
PYY_NPY2R,0.0
F8_ASGR2,0.0
F8_LDLR,1.0
F8_LRP1,0.0384615384615384
COL4A2_ITGB5,0.0
COL4A2_ITGB3,0.0
COL4A2_CD93,0.9423076923076924
CCL28_GRM7,0.0
CCL28_CCR10,0.0
CCL28_CCR3,0.0
CXCL9_DPP4,0.0002958579881656784
CXCL9_CCR3,0.0
CXCL9_GRM7,0.0
CXCL9_FCGR2A,0.0153846153846153
CNTF_CNTFR,0.0
CNTF_EGFR,0.0
THBS2_NOTCH3,0.0
THBS2_ITGA4,0.0153846153846153
THBS2_CD47,0.0153846153846153
THBS2_ITGB3,0.0
THBS2_CD36,0.0153846153846153
LEFTY2_ACVR2B,0.0
LEFTY2_ACVR1B,0.0005917159763313568
C4BPA_LRP1,0.0005917159763313568
C4BPA_CD40,0.0002958579881656784
VIP_AVPR1A,0.0153846153846153
VIP_ADRB3,0.0
VIP_GPR84,0.0
VIP_VIPR1,0.0
VIP_ADCYAP1R1,0.001183431952662715
VIP_RAMP1,0.008875739644970364
VIP_DPP4,0.0002958579881656784
FASLG_FAS,0.0
FASLG_TNFRSF10B,0.0
FASLG_TNFRSF1A,0.0
APOA2_LDLR,0.0
APOA2_LRP1,0.0
SEMA4A_PLXNB2,0.9656804733727813
EFNA1_EPHA7,0.0
EFNA1_EPHA10,1.0
EFNA1_EPHA3,1.0
EFNA1_EPHA4,0.173076923076923
EFNA1_EPHA6,0.0
EFNA1_EPHB6,0.0192307692307692
EFNA1_EPHA2,0.0192307692307692
ADAM12_ITGA9,0.0
S100A8_TLR4,0.01301775147928987
S100A8_CD36,0.0153846153846153
S100A8_ITGB2,0.0153846153846153
S100A8_AGER,0.008875739644970364
NGF_KIDINS220,0.0
NGF_NTRK1,0.0
NGF_TRPV1,0.0
NGF_SORCS3,0.0
NGF_SORT1,0.0
WNT2B_FZD4,0.1692307692307692
COL11A1_ITGA2,0.0
COL11A1_DDR1,0.0
ITGB3BP_ITGB3,0.0
ITGB3BP_ITGB5,0.0
ANGPTL3_ITGB3,0.0
RBP4_STRA6,0.0
COL5A1_SDC3,0.0
SFTPD_TLR4,0.01301775147928987
SFTPD_SIRPA,0.0005917159763313568
SFTPD_LY96,0.0002958579881656784
MMP9_TLR9,0.0
MMP9_IFNAR1,0.0153846153846153
MMP9_ITGAM,0.0153846153846153
MMP9_LRP1,0.0005917159763313568
MMP9_EPHB2,0.0
MMP9_ITGB2,0.0153846153846153
EDN2_KEL,0.0
EDN2_EDNRB,0.0
ANGPTL2_TIE1,0.8710059171597634
GHRH_GHRHR,0.0
GHRH_VIPR1,0.0
GHRH_ADCYAP1R1,0.0
GHRH_ADRB3,0.0
GHRH_GPR84,0.0
TNFSF15_TNFRSF25,0.9088757396449707
GDF5_ROR2,0.0
GDF5_ACVR1,0.0
GDF5_BMPR1A,0.0
GDF5_ACVR2B,0.0
EDA_EDAR,0.0
EDA_EDA2R,0.0
F10_F3,0.0153846153846153
F10_ITGAM,0.0153846153846153
F10_ITGB2,0.0153846153846153
SYK_LAT,0.9846153846153848
SYK_FCGR2A,0.9846153846153848
FGF14_FGFR2,0.0
FGF14_FGFR3,0.0
HLA-C_LILRA1,0.0192307692307692
HLA-C_LILRB1,1.0
HLA-C_CD3G,1.0
HLA-C_KIR3DL1,0.1538461538461538
ANXA1_EGFR,0.0769230769230769
ANXA1_GRM7,0.0
ANXA1_FPR1,0.0192307692307692
ANXA1_FPR2,0.0192307692307692
ACTR2_LDLR,1.0
NDP_FZD4,0.0153846153846153
NDP_LGR4,0.0
AGRN_LRP4,0.0192307692307692
AGRN_LRP1,0.0384615384615384
AGRN_ATP1A3,0.1153846153846153
AGRN_MUSK,0.0
INSL3_ADRB3,0.0
INSL3_GPR84,0.0
INSL3_ADCYAP1R1,0.0
INSL3_VIPR1,0.0
AVP_LDLR,0.0
AVP_VIPR1,0.0
AVP_ADCYAP1R1,0.0
AVP_GPR84,0.0
AVP_ADRB3,0.0
AVP_OXTR,0.0
AVP_AVPR1A,0.0
COL2A1_ITGA10,0.0
COL2A1_DDR1,0.0
COL2A1_ITGA2B,0.0
COL2A1_ITGA2,0.0
RLN2_ADRB3,0.0
RLN2_GPR84,0.0
RLN2_ADCYAP1R1,0.01065088757396449
RLN2_VIPR1,0.0
RLN2_RXFP3,0.0
RPH3A_NRXN1,0.01863905325443784
LAMA1_RPSA,0.0
LAMA1_ITGA3,0.0
LAMA1_NT5E,0.0
LAMA1_ITGA2,0.0
LAMA1_ITGA7,0.0
LAMA1_ITGB8,0.0
LAMA1_SDC2,0.0
CCL25_CCR10,0.0
CCL25_GRM7,0.0
LAMB3_ITGA2,0.0153846153846153
LAMB3_CD151,0.011242603550295795
LAMB3_ITGA3,0.0
LAMB3_COL17A1,0.0
IL1F10_IL1R1,0.0
CCL8_CCR3,0.0
CCL8_CCR1,0.001183431952662715
COL4A6_CD93,0.0
COL4A6_ITGA2,0.0
COL4A6_CD47,0.0
CCL26_CCR1,0.0
CCL26_CCR3,0.0
SPP1_ITGA4,0.1538461538461538
SPP1_ITGB5,0.0
SPP1_ITGB3,0.0
SPP1_ITGA9,0.0
LGALS9_MRC2,0.0
LGALS9_HAVCR2,1.0
LGALS9_SLC1A5,1.0
LGALS9_CD47,1.0
ADM2_GPR84,0.0
ADM2_ADRB3,0.0
ADM2_VIPR1,0.0
ADM2_ADCYAP1R1,0.0769230769230769
ADM2_CALCR,0.0
ADM2_RAMP1,0.5769230769230769
ADM2_CALCRL,0.0
CXCL12_CD4,0.0
CXCL12_DPP4,0.01863905325443784
CXCL12_CCR4,0.01863905325443784
CXCL12_GRM7,0.0
CXCL12_CXCR4,0.9692307692307692
CXCL12_AVPR1A,0.9692307692307692
BMP7_ACVR1,0.0192307692307692
BMP7_ACVR2B,0.0
BMP7_BMPR1A,0.0192307692307692
COL4A3_ITGA3,0.0
COL4A3_CD47,0.9230769230769232
COL4A3_ITGB3,0.0
COL4A3_CD93,0.8698224852071008
COL4A3_ITGA2,0.9230769230769232
COL4A4_ITGA2,0.9692307692307692
COL4A4_CD93,0.9133136094674557
COL4A4_ITGB3,0.0
COL4A4_CD47,0.9692307692307692
HLA-A_ERBB2,0.7307692307692307
HLA-A_KIR3DL1,0.1538461538461538
HLA-A_CD3G,1.0
HLA-A_LILRA1,0.0192307692307692
HLA-A_APLP2,0.9615384615384616
HLA-A_LILRB1,1.0
HLA-A_KIR3DL2,0.5576923076923077
CNTN4_PTPRG,0.04704142011834312
TCTN1_TMEM67,1.0
PDCD1LG2_PDCD1,0.018934911242603523
TNFSF11_LGR4,0.0
TNFSF11_TNFRSF11B,0.0
TNFSF11_TNFRSF11A,0.0
DSCAM_DCC,0.0
FBLN2_ITGB3,0.0
NXPH1_NRXN1,0.0
NXPH1_NRXN2,0.0
SAA1_FPR2,0.0005917159763313587
SAA1_FPR1,0.0005917159763313587
SAA1_GRM7,0.0
SAA1_SCARB1,0.0
MDK_SORL1,1.0
MDK_SDC3,0.0
MDK_SDC1,0.0
MDK_LRP1,0.0384615384615384
MDK_ITGA4,1.0
TF_TFR2,0.0011834319526627193
TF_HFE,0.0011834319526627193
TF_LDLR,0.0615384615384615
ARTN_GFRA3,0.0
PTPN6_CD300LF,0.0
PTPN6_FCRL4,0.0
CLEC2A_KLRF2,0.0
NTF3_NTRK1,0.0002958579881656784
NTF3_NTRK2,0.0005917159763313568
RLN3_RXFP3,0.0
RLN3_RXFP4,0.0
RLN3_GRM7,0.0
RLN3_VIPR1,0.0
RLN3_ADCYAP1R1,0.0
RLN3_GPR84,0.0
RLN3_ADRB3,0.0
TNF_TNFRSF1B,0.0
TNF_TNFRSF1A,0.0
TNF_RIPK1,0.0
TNF_TNFRSF21,0.0
TNF_FAS,0.0
TNF_PTPRS,0.0
TNF_FFAR2,0.0
TNF_ICOS,0.0
LAMA2_ITGA7,0.0
LAMA2_ITGA2,0.0153846153846153
LAMA2_ITGA3,0.0
LAMA2_RPSA,0.0153846153846153
HRAS_SDC2,0.0
HRAS_GRIN2D,0.0
HRAS_TLR9,0.0
GDNF_EDNRB,0.016568047337278083
GDNF_GFRA3,0.0
HLA-G_KIR3DL1,0.1538461538461538
HLA-G_CD4,0.0
HLA-G_LILRB1,1.0
FSHB_ADCYAP1R1,0.0
FSHB_VIPR1,0.0
FSHB_ADRB3,0.0
FSHB_GPR84,0.0
FSHB_FSHR,0.0
ADM_CALCRL,0.0
ADM_RAMP1,0.5680473372781065
ADM_CALCR,0.0
ADM_ADCYAP1R1,0.07573964497041419
ADM_VIPR1,0.0
ADM_GPR84,0.0
ADM_ADRB3,0.0
PTHLH_ADRB3,0.0
PTHLH_GPR84,0.0
PTHLH_VIPR1,0.0
PTHLH_ADCYAP1R1,0.001183431952662715
ADCYAP1_ADCYAP1R1,0.0
ADCYAP1_VIPR1,0.0
ADCYAP1_GPR84,0.0
ADCYAP1_ADRB3,0.0
ADCYAP1_DPP4,0.0
CGA_LHCGR,0.0
CGA_ADRB3,0.0
CGA_GPR84,0.0
CGA_VIPR1,0.0
CGA_ADCYAP1R1,0.001183431952662715
CGA_FSHR,0.0
S100A10_CFTR,0.0
SHANK2_CFTR,0.0
S100A4_ERBB2,0.6071005917159763
S100A4_EGFR,0.06390532544378696
TNFSF13B_CD40,0.007396449704141999
TNFSF13B_TNFRSF13B,0.0
LTA_LTBR,0.0
LTA_RIPK1,0.0
LTA_TNFRSF1A,0.0
LTA_TNFRSF1B,0.0
NTF4_NTRK1,0.0
NTF4_NTRK2,0.0
FAM3C_GLRA2,0.0
C1QB_C1QBP,0.0153846153846153
C1QB_LRP1,0.0005917159763313568
GNRH2_GNRHR,0.0002958579881656784
IL22_IL10RA,0.0
IL22_IL22RA2,0.0
IL22_IL21R,0.0
IL22_IL10RB,0.0
IL10_IL10RB,1.0
IL10_IL10RA,1.0
CLEC2D_KLRB1,1.0
PDYN_GRM7,0.0
PODXL2_SELL,0.05917159763313606
CD34_SELL,0.9615384615384616
CD34_SELP,0.0
MUC7_SELL,0.0
PODXL_SELL,0.9615384615384616
MICA_KLRK1,1.0
RAET1L_KLRK1,0.0
ULBP2_KLRK1,0.0461538461538461
RAET1G_KLRK1,0.7230769230769231
CD55_CR1,1.0
GPC3_LRP1,0.0
A2M_LRP1,0.0384615384615384
SERPINA1_LRP1,0.0
SERPINE2_LRP1,0.03550295857988161
MMP13_LRP1,0.0
HPX_LRP1,0.0005917159763313568
LIPC_LRP1,0.015384615384615361
PSAP_LRP1,0.0384615384615384
PSAP_SORT1,0.5
PSAP_GPR37,0.0
PSAP_CD1B,0.0
PSAP_AR,0.0
ASIP_MC4R,0.0
ASIP_MC5R,0.0
ASIP_MC2R,0.0
ASIP_F11R,0.0
ASIP_MC1R,0.0
ASIP_ATRN,0.0
ASIP_MC3R,0.0
SFTPA2_CD93,0.0
MBL2_CD93,0.0
MBL2_CALCR,0.0
C1QA_CR1,0.0153846153846153
C1QA_CD93,0.014497041420118265
C1QA_CSPG4,0.0005917159763313568
IGFL1_IGFLR1,0.0
IGFL3_IGFLR1,0.0153846153846153
GSTP1_EGFR,0.0769230769230769
GALP_GALR3,0.0
GALP_GALR1,0.0
NTNG2_LRRC4,0.0
NTNG2_LRRC4C,0.0
GUCA2B_GUCY2D,0.0
NMS_NMUR2,0.0
NMS_NMUR1,0.0
NMS_GRM7,0.0
VEGFC_FLT1,0.9692307692307692
VEGFC_CCBE1,0.9692307692307692
VEGFC_ITGA9,0.0
VEGFC_KDR,0.01863905325443784
DSC3_DSG3,0.9692307692307692
PDGFA_PDGFRA,0.0
PDGFA_PDGFRB,0.8653846153846154
FGF21_FGFR3,0.0
FGF21_FGFR2,0.0
FGF21_KLB,0.0
NMB_GRPR,0.0
NMB_BRS3,0.0
B2M_HLA-F,1.0
B2M_CD1B,0.0
B2M_LILRB1,1.0
B2M_CD247,1.0
B2M_HFE,0.0192307692307692
B2M_KIR3DL1,0.1538461538461538
B2M_KLRC2,1.0
B2M_CD3G,1.0
EDIL3_ITGB5,0.0
CP_SLC40A1,0.0
SOSTDC1_LRP6,0.0
DKK1_LRP6,0.0
HSPA1A_GRIN2D,0.0
HSPA1A_TLR4,0.8461538461538461
IL27_IL27RA,0.0
PROS1_AXL,0.9846153846153848
PROS1_TYRO3,0.0
INS_LILRB1,0.0
GREM1_KDR,0.0
NRG1_ERBB3,0.0
NRG1_LGR4,0.0
NRG1_ERBB2,0.0
NRG1_EGFR,0.0
NRG1_ERBB4,0.0
SLIT2_SDC1,0.0
SLIT2_DCC,0.0
SLIT2_ROBO4,0.0
SLIT2_ROBO1,0.0
SLIT2_ROBO2,0.0002958579881656784
NPPA_NPR1,0.0
PGF_FLT1,0.9846153846153848
NCAM1_ROBO1,0.0
NCAM1_CACNA1C,0.0384615384615384
NCAM1_FGFR2,1.0
NRG3_ERBB3,0.0153846153846153
NRG3_ERBB4,0.0
NRG3_ERBB2,0.011242603550295795
AREG_EGFR,0.001183431952662715
AREG_ERBB3,0.0153846153846153
NRG2_ERBB3,0.0153846153846153
NRG2_ERBB4,0.0
NRG2_ERBB2,0.011242603550295795
SEMA4D_ERBB2,0.719526627218935
SEMA4D_PLXNB2,0.9656804733727813
IFNA14_IFNAR2,0.0
IFNA14_IFNAR1,0.0
IFNA10_IFNAR2,0.0
IFNA10_IFNAR1,0.0
IFNA8_IFNAR1,0.0
IFNA8_IFNAR2,0.0
IFNE_IFNAR2,0.0
IFNE_IFNAR1,0.0
IFNA21_IFNAR1,0.0
IFNA21_IFNAR2,0.0
IL24_IL20RA,0.0
IL24_IL10RB,0.0
PTPN11_FCRL4,0.0
EFEMP1_EGFR,0.0769230769230769
FGL1_EGFR,0.0
ANG_EGFR,0.007100591715976328
CXCL2_DPP4,0.0192307692307692
CXCL2_CXCR2,1.0
CXCL2_GRM7,0.0
CXCL2_XCR1,0.0961538461538461
CXCL1_GRM7,0.0
CXCL1_CXCR2,0.9846153846153848
PPY_GRM7,0.0
PPY_NPY2R,0.0
PPY_NPY5R,0.0
PPY_NPY1R,0.0
IL25_IL17RB,0.0
IFNL3_IL10RB,0.0
CCL3_CCR4,0.0
CCL3_CCR1,0.0
CCL3_CCR3,0.0
FGF12_FGFR2,0.9846153846153848
FGF12_FGFR3,0.0
CGB5_LHCGR,0.0
CCL15_CCR1,0.001183431952662715
CCL15_CCR3,0.0
CCL23_CCR1,0.029585798816568035
CCL18_CCR8,0.0
CCL18_CCR1,0.001183431952662715
CCL18_CCR3,0.0
LTBP3_ITGB5,0.0
MST1_MST1R,0.0
CHAD_ITGA2,0.0
NUCB2_ERAP1,1.0
FAT4_DCHS1,0.0192307692307692
CD86_CD28,0.015088757396449623
ACE2_SLC6A19,0.0
TSLP_IL7R,0.0
CER1_MRC2,0.0
CD200_CD200R1,0.0192307692307692
C4B_CR1,0.0
C4B_CD46,0.0
IL19_IL20RA,0.0
EDN1_EDNRB,0.018934911242603523
EDN1_KEL,0.0
SEMA4B_DCBLD2,0.0
PTMA_VIPR1,0.0
TNFSF18_TNFRSF18,0.0
OBP2A_OR1G1,0.0
F7_F3,0.1384615384615384
RGMA_NEO1,0.0
RGMA_HFE,0.0
RGMA_TFR2,0.0
WNT5B_KLRG2,0.0
CD5L_CD5,0.0
GSTO1_RYR1,0.0192307692307692
ANGPT4_TIE1,0.0
ANGPT4_TEK,0.0
IRAK4_TLR6,1.0
IRAK4_TLR4,0.8461538461538461
COLQ_MUSK,0.0
QRFP_QRFPR,0.0
GDF10_ACVR1B,0.03491124260355024
NID2_ITGB3,0.0
NID2_ITGA2,0.9846153846153848
LAMB1_LRP1,0.0384615384615384
LAMB1_ITGB3,0.0
C5_ITGA4,0.2615384615384615
C5_LRP1,0.010059171597633119
C5_ITGB3,0.0
C5_LDLR,0.2615384615384615
C5_CALCR,0.0
C5_TLR4,0.22130177514792895
C5_ASGR2,0.0
COL1A1_ITGB5,0.0
COL1A1_ITGB3,0.0
COL1A1_ITGB8,0.7846153846153846
COL1A1_CD47,0.7846153846153846
COL1A1_ITGA2B,0.0
COL1A1_SDC3,0.0
COL1A1_BCAM,0.0
COL1A1_GPC4,0.0
COL1A1_ITGA3,0.0
COL1A1_ITGA10,0.0
LAMA4_LRP1,0.0384615384615384
LAMA4_ITGB3,0.0
LAMA4_ITGA2,1.0
C3_ITGB3,0.0
C3_TLR4,0.2994082840236686
NCAN_ITGB3,0.0
NCAN_ITGA2,0.0153846153846153
NCAN_CD93,0.014497041420118265
DSC1_LRP1,0.03491124260355024
THBS1_ITGA2,1.0
VWF_EGFR,0.0769230769230769
VWF_ITGA4,1.0
VWF_SDC2,0.0
VWF_ITGB6,0.0
VWF_ITGA8,0.0
VWF_CD46,1.0
VWF_ROBO1,0.0
VWF_ITGA9,0.0
VWF_ROBO4,0.0
CDH1_LRP1,0.0384615384615384
CDH1_ITGB3,0.0
FARP2_ITGB3,0.0
LAMC2_ITGB3,0.0
NID1_ITGA2,1.0
F13A1_LRP1,0.0
F13A1_ITGB3,0.0
EGF_LRP1,0.016568047337278083
EGF_ITGB3,0.0
EGF_ITGA2,0.4307692307692308
SEMA3D_EGFR,0.0769230769230769
APP_EGFR,0.0769230769230769
SHANK1_ITGB3,0.0
SHANK1_ITGA2,0.0
SHANK1_CD93,0.0
SHANK1_CD47,0.0
SHANK1_ITGA3,0.0
COL6A3_ITGA4,0.0153846153846153
COL6A3_LRP1,0.0005917159763313568
COL6A3_ITGA3,0.0
COL1A2_ITGB5,0.0
COL1A2_ITGB8,0.0923076923076923
COL1A2_DDR2,0.0
COL1A2_DDR1,0.00177514792899408
COL1A2_CD47,0.0923076923076923
COL1A2_GPC4,0.0
COL1A2_ITGA3,0.0
COL1A2_ITGA10,0.0
HSP90B1_EGFR,0.0769230769230769
HSP90B1_ITGA4,1.0
HSP90B1_LRP6,0.0192307692307692
HSP90B1_LDLR,1.0
HSP90B1_PTPRD,0.0192307692307692
COL6A2_ITGB3,0.0
COL6A2_CD93,0.9423076923076924
COL6A2_CD47,1.0
SEMA3E_ITGB3,0.0
COL3A1_ITGB5,0.0
COL3A1_ITGB3,0.0
COL3A1_ITGB8,0.0461538461538461
COL3A1_CD36,0.0461538461538461
COL3A1_CD93,0.04349112426035499
COL3A1_ITGA11,0.006213017751479283
COL3A1_CD47,0.0461538461538461
COL3A1_ITGA2B,0.0
COL3A1_GPC4,0.0
COL3A1_ITGA3,0.0
COL3A1_ITGA10,0.0
NLGN2_ITGB3,0.0
BMP1_ITGB3,0.0
BMP1_ITGA2,1.0
FGA_LRP1,0.0
FGA_ITGA2,0.0
FGA_CD93,0.0
TLN1_EGFR,0.0769230769230769
TLN1_ITGB2,1.0
TLN1_DCC,0.0
TLN1_ERBB2,0.7307692307692307
TLN1_ITGA4,1.0
TLN1_ITGB7,1.0
TLN1_LRP1,0.0384615384615384
TLN1_SDC2,0.0
TLN1_ASGR1,0.0
TLN1_LRP6,0.0192307692307692
TLN1_C5AR2,0.9807692307692308
TLN1_C5AR1,0.9615384615384616
TLN1_LDLR,1.0
TLN1_SELL,0.9615384615384616
TLN1_SELP,0.0
TLN1_CALCR,0.0
TLN1_TLR6,1.0
TLN1_TLR4,0.8461538461538461
TLN1_LRP8,0.8653846153846154
TLN1_CD46,1.0
TLN1_CR1,1.0
TLN1_PTPRD,0.0192307692307692
TLN1_ITGA9,0.0
TLN1_ASGR2,0.0
LPA_EGFR,0.001183431952662715
LPA_ITGB5,0.0
LPA_ITGA4,0.0153846153846153
LPA_COL13A1,0.0
LPA_LRP1,0.0005917159763313568
LPA_SDC2,0.0
LPA_TPO,0.0
LPA_ITGB3,0.0
LPA_ITGB6,0.0
LPA_ITGB8,0.0153846153846153
LPA_CD36,0.0153846153846153
LPA_SDC1,0.0
LPA_ITGA7,0.0
LPA_ITGA2,0.0153846153846153
LPA_CD93,0.014497041420118265
LPA_DDR2,0.0
LPA_ITGA11,0.0020710059171597517
LPA_DDR1,0.0002958579881656784
LPA_ITGA8,0.0
LPA_CD47,0.0153846153846153
LPA_ITGA2B,0.0
LPA_TNFRSF11B,0.0
LPA_SELP,0.0
LPA_LRP8,0.013313609467455549
LPA_BCAM,0.0
LPA_SCARA5,0.0
LPA_STAB2,0.0
LPA_RPSA,0.0153846153846153
LPA_PTPRS,0.0002958579881656784
LPA_ATP1A3,0.0017751479289940717
LPA_ITGA3,0.0
LPA_NT5E,0.0002958579881656784
LPA_ITGA9,0.0
LPA_DCHS1,0.0002958579881656784
LPA_ROBO4,0.0
LPA_ITGA10,0.0
LAMA3_LRP1,0.037869822485207046
LAMA3_ITGB3,0.0
LAMA3_ITGB6,0.0
LAMA3_ITGA2,0.9846153846153848
LAMA3_TNFRSF11B,0.0
LAMA3_NT5E,0.018934911242603523
LAMA3_ROBO4,0.0
SEMA6D_LRP1,0.037869822485207046
SEMA6D_ITGB3,0.0
SEMA6D_ITGA2,0.9846153846153848
JAG2_ITGB3,0.0
JAG2_ITGA2,1.0
CNTN2_ITGB3,0.0
CNTN2_ITGA2,0.0
COL9A3_ITGB5,0.0
COL9A3_ITGB3,0.0
COL9A3_ITGB8,0.9846153846153848
COL9A3_CD36,0.9846153846153848
COL9A3_ITGA2,0.9846153846153848
COL9A3_CD93,0.9278106508875742
COL9A3_DDR2,0.0
COL9A3_ITGA11,0.13254437869822486
COL9A3_DDR1,0.018934911242603523
COL9A3_CD47,0.9846153846153848
COL9A3_ITGA2B,0.0
COL9A3_SDC3,0.0
COL9A3_GPC4,0.0
COL9A3_ITGA3,0.0
COL9A3_ITGA10,0.0
COL18A1_COL13A1,0.0
COL18A1_ITGB8,1.0
COL18A1_CD36,1.0
COL18A1_ITGA2,1.0
COL18A1_CD93,0.9423076923076924
COL18A1_DDR2,0.0
COL18A1_ITGA11,0.1346153846153846
COL18A1_DDR1,0.0192307692307692
COL18A1_CD47,1.0
COL18A1_ITGA2B,0.0
COL18A1_SDC3,0.0
COL18A1_BCAM,0.0
COL18A1_SSTR2,1.0
COL18A1_PTPRS,0.0192307692307692
COL18A1_ITGA10,0.0
NLGN3_ITGB3,0.0
F8_EGFR,0.0769230769230769
F8_ITGA4,1.0
F8_ITGA2,1.0
F8_C5AR1,0.9615384615384616
F8_SELP,0.0
F8_TLR6,1.0
F8_TLR4,0.8461538461538461
F8_LRP8,0.8653846153846154
COL4A2_ITGB8,1.0
COL4A2_CD36,1.0
COL4A2_ITGA2,1.0
COL4A2_DDR2,0.0
COL4A2_ITGA11,0.1346153846153846
COL4A2_DDR1,0.0192307692307692
COL4A2_CD47,1.0
COL4A2_ITGA2B,0.0
COL4A2_GPC4,0.0
COL4A2_ITGA3,0.0
COL4A2_ITGA10,0.0
THBS2_LRP1,0.0005917159763313568
THBS2_ITGA2,0.0153846153846153
ADAM12_ITGB3,0.0
COL11A1_ITGB5,0.0
COL11A1_COL13A1,0.0
COL11A1_ITGB3,0.0
COL11A1_ITGB8,0.0
COL11A1_CD36,0.0
COL11A1_CD93,0.0
COL11A1_DDR2,0.0
COL11A1_ITGA11,0.0
COL11A1_CD47,0.0
COL11A1_ITGA2B,0.0
COL11A1_SDC3,0.0
COL11A1_BCAM,0.0
COL11A1_GPC4,0.0
COL11A1_ITGA3,0.0
COL11A1_ITGA10,0.0
COL5A1_ITGB5,0.0
COL5A1_COL13A1,0.0
COL5A1_ITGB3,0.0
COL5A1_ITGB8,0.8923076923076924
COL5A1_CD36,0.8923076923076924
COL5A1_ITGA2,0.8923076923076924
COL5A1_CD93,0.8408284023668641
COL5A1_DDR2,0.0
COL5A1_ITGA11,0.12011834319526628
COL5A1_DDR1,0.017159763313609442
COL5A1_CD47,0.8923076923076924
COL5A1_ITGA2B,0.0
COL5A1_BCAM,0.0
COL5A1_GPC4,0.0
COL5A1_ITGA3,0.0
COL5A1_ITGA10,0.0
SPTAN1_LRP1,0.0384615384615384
SPTAN1_LDLR,1.0
SPTAN1_TLR6,1.0
SPTAN1_TLR4,0.8461538461538461
SPTAN1_LRP8,0.8653846153846154
AGRN_ITGB3,0.0
AGRN_ITGA2,1.0
COL2A1_ITGB5,0.0
COL2A1_ITGB3,0.0
COL2A1_ITGB8,0.0
COL2A1_CD36,0.0
COL2A1_CD93,0.0
COL2A1_DDR2,0.0
COL2A1_ITGA11,0.0
COL2A1_CD47,0.0
COL2A1_GPC4,0.0
COL2A1_ITGA3,0.0
LAMA1_EGFR,0.0
LAMA1_ITGA4,0.0
LAMA1_LRP1,0.0
LAMA1_ITGB3,0.0
LAMA1_ITGB6,0.0
LAMA1_ITGA8,0.0
LAMA1_TNFRSF11B,0.0
LAMA1_LRP8,0.0
LAMA1_SCARA5,0.0
LAMA1_STAB2,0.0
LAMA1_ROBO1,0.0
LAMA1_ITGA9,0.0
LAMA1_ROBO4,0.0
LAMB3_ITGB3,0.0
COL4A6_ITGB5,0.0
COL4A6_ITGB3,0.0
COL4A6_ITGB8,0.0
COL4A6_CD36,0.0
COL4A6_DDR2,0.0
COL4A6_ITGA11,0.0
COL4A6_DDR1,0.0
COL4A6_ITGA2B,0.0
COL4A6_GPC4,0.0
COL4A6_ITGA3,0.0
COL4A6_ITGA10,0.0
COL4A3_ITGB5,0.0
COL4A3_ITGB8,0.9230769230769232
COL4A3_CD36,0.9230769230769232
COL4A3_DDR2,0.0
COL4A3_ITGA11,0.12426035502958581
COL4A3_DDR1,0.017751479289940805
COL4A3_ITGA2B,0.0
COL4A3_GPC4,0.0
COL4A3_ITGA10,0.0
COL4A4_ITGB8,0.9692307692307692
COL4A4_CD36,0.9692307692307692
COL4A4_DDR2,0.0
COL4A4_ITGA11,0.13047337278106508
COL4A4_DDR1,0.01863905325443784
COL4A4_ITGA2B,0.0
COL4A4_ITGA3,0.0
COL4A4_ITGA10,0.0
CNTN4_LRP1,0.03136094674556208
CNTN4_ITGB3,0.0
CNTN4_ITGA2,0.8153846153846154
DSCAM_ITGA4,0.0
DSCAM_LRP1,0.0
DSCAM_ITGB3,0.0
DSCAM_ITGA2,0.0
LAMA2_LRP1,0.0005917159763313568
LAMA2_ITGB3,0.0
LAMA2_ITGB6,0.0
SHANK2_ITGB3,0.0
SHANK2_ITGA2,0.0
SHANK2_SSTR2,0.0
CPAMD8_LRP1,0.00355029585798816
CPAMD8_ITGB3,0.0
CPAMD8_ITGA2,0.0923076923076923
CPAMD8_NRXN2,0.0
A2M_ITGA4,1.0
A2M_ITGB3,0.0
A2M_NRXN2,0.0
A2M_ASGR2,0.0
DSC3_LRP1,0.03727810650887568
DSC3_ITGB3,0.0
CP_LRP1,0.0325443786982248
CP_ITGB3,0.0
CUBN_ITGA2,1.0
NRG2_ITGB3,0.0
LTBP3_ITGB3,0.0
LTBP3_ITGA2,1.0
LTBP3_CD93,0.9423076923076924
ACE2_EGFR,0.0
C4B_LRP1,0.0
C4B_ITGB3,0.0
C4B_ITGA2,0.0
COLQ_CD93,0.0724852071005917
SPTBN2_LRP1,0.002958579881656799
DSPP_EGFR,0.0
DSPP_ITGA4,0.0
DSPP_ITGA2,0.0
DSPP_LDLR,0.0
DSPP_SELL,0.0
DSPP_SELP,0.0
DSPP_TLR6,0.0
DSPP_LRP8,0.0
DSPP_PTPRD,0.0
VIM_GRM7,0.0
