Wnt3_Fzd6,0
Wnt3_Egfr,0
Wnt3_Fzd2,0
Wnt3_Lrp5,0
Wnt3_Fzd1,0
Wnt3_Fzd3,0
Wnt3_Fzd8,0
Wnt3_Ror1,0
Wnt3_Lrp6,0
Wnt3_Ror2,0
Wnt3_Fzd5,0
Wnt3_Fzd7,0
Wnt9a_Egfr,0
Wnt9a_Fzd7,0
Wnt9a_Fzd9,0
Wnt9a_Fzd4,0
Fgf23_Fgfr1,0
Fgf23_Fgfr4,0
Fgf23_Fgfr2,0
Fgf23_Fgfr3,0
Fgf23_Kl,0
Fgf6_Fgfr1,0
Fgf6_Fgfr4,0
Fgf6_Fgfr2,0
Fgf6_Fgfr3,0
Ccl2_Ccr4,0
Ccl2_Ccr2,0
Ccl2_Ackr1,0
Ccl2_Ackr2,0
Ccl12_Ccr4,0
Ccl12_Ccr2,0
Cdh1_Egfr,0
Cdh1_Fgfr1,0
Cdh1_Itgb7,0
Cdh1_Ptprj,0
Cdh1_Itgae,0
Cdh1_Ptprm,0
Cdh1_Igf1r,0
Cdh1_Klrg1,0
Ccl11_Ccr2,0
Ccl11_Ackr2,0
Ccl11_Ccr5,0
Ccl11_Cxcr3,0
Ccl11_Ccr3,0
Ccl11_Ackr4,0
Pdgfb_Lrp1,0
Pdgfb_Pdgfra,0
Pdgfb_Pdgfrb,0
Fasl_Fas,0
Il4_Il4ra,0
Il4_Il2ra,0
Il4_Tlr2,0
Il4_Il2rg,0
Il4_Il13ra1,0
Il4_Il13ra2,0
Ccl3_Ackr2,0
Ccl3_Ccr5,0
Ccl3_Ccr3,0
Ccl3_Ccr1,0
Icam4_Itgav,0
Icam4_Itgam,0
S100a4_Egfr,0
S100a4_Erbb2,0
Icam2_Itgam,0
Icam2_Itgal,0
Icam2_Itgb2,0
Efnb2_Ephb2,0
Efnb2_Epha3,0
Efnb2_Epha4,0
Efnb2_Ephb3,0
Efnb2_Epha7,0
Efnb2_Ephb4,0
Efnb2_Epha6,0
Efnb2_Ephb6,0
Efnb2_Ephb1,0
Sost_Lrp5,0
Sost_Lrp6,0
Col1a1_Itgb1,0
Col1a1_Cd44,0
Col1a1_Cd93,0
Il16_Grin2c,0
Il16_Kcnj4,0
Il16_Grin2d,0
Il16_Kcna3,0
Il16_Kcnd2,0
Il16_Kcnj15,0
Il16_Kcnd1,0
Il16_Cd4,0
Il16_Kcnj10,0
Angptl4_Gpihbp1,0
Bmp8b_Acvr2b,0
Bmp8b_Bmpr1b,0
Bmp8b_Acvr2a,0
Bmp8b_Tgfbr2,0
Bmp8b_Bmpr2,0
Bmp8b_Bmpr1a,0
Tgfb1_Itgb1,0
Tgfb1_Tgfbr2,0
Tgfb1_Tgfbr1,0
Tgfb1_Eng,0
Tgfb1_Sdc2,0
Tgfb1_Tgfbr3,0
Tgfb1_Itgb8,0
Tgfb1_Acvrl1,0
Shh_Cdon,0
Shh_Pvr,0
Shh_Ptch1,0
Shh_Lrp2,0
Shh_Hhip,0
Shh_Gpc1,0
Shh_Gpc6,0
Shh_Cav1,0
Shh_Gas1,0
Shh_Ptch2,0
Shh_Smo,0
Pspn_Gfra4,0
Pspn_Ret,0
Lamb1_Itgb1,0
Lamb1_Itga6,0
Efna2_Epha3,0
Efna2_Epha4,0
Efna2_Epha7,0
Efna2_Epha6,0
Efna2_Epha10,0
Efna2_Epha8,0
Efna2_Epha1,0
Efna2_Epha2,0
Efna2_Epha5,0
Ebi3_Il6st,0
Ebi3_Il27ra,0
Comp_Itgav,0
Comp_Notch1,0
Comp_Notch3,0
Comp_Cd47,0
Comp_Itga7,0
Comp_Cd36,0
Tgfb3_Tgfbr2,0
Tgfb3_Tgfbr1,0
Tgfb3_Eng,0
Tgfb3_Tgfbr3,0
Tgfb3_Acvr1,0
Gdf15_Egfr,0
Gdf15_Tgfbr2,0
Gdf15_Tgfbr1,0
Gdf15_Ret,0
Gdf15_Gfral,0
Calr_Lrp1,0
Calr_Scarf1,0
Calr_Mpl,0
Efnb3_Ephb2,0
Efnb3_Epha4,0
Efnb3_Ephb3,0
Efnb3_Ephb6,0
Efnb3_Ephb1,0
Sst_Sstr3,0
Sst_Sstr2,0
Sst_Sstr4,0
Sst_Sstr5,0
Sst_Sstr1,0
Pgf_Egfr,0
Pgf_Flt1,0
Pgf_Nrp1,0
Pgf_Nrp2,0
Ccl24_Ccr2,0
Ccl24_Ackr2,0
Ccl24_Ccr3,0
Zp3_Egfr,0
Zp3_Zp3r,0
Shbg_Gprc6a,0
App_Lrp6,0
App_Lrp1,0
App_Lrp2,0
App_Cav1,0
App_Notch1,0
App_Cd47,0
App_Cd74,0
App_Trpc6,0
App_Dcc,0
App_Lrp8,0
App_Lrp4,0
App_Casr,0
App_Tspan12,0
App_Notch2,0
App_Lrp10,0
App_Gpr3,0
App_Tspan15,0
App_Fpr2,0
App_Tnfrsf21,0
App_Vldlr,0
App_Adra2a,0
App_Sorl1,0
App_Drd3,0
App_Ngfr,0
App_Ncstn,0
Agrp_Mc5r,0
Agrp_Mc3r,0
Agrp_Sdc3,0
Tnfsf14_Fas,0
Tnfsf14_Ltbr,0
Tnfsf14_Tnfrsf14,0
Trh_Trhr,0
Prl7a2_Prlr,0
Prl8a9_Prlr,0
Prl8a1_Prlr,0
Wnt10a_Fzd10,0
Bmp7_Acvr2b,0
Bmp7_Bmpr1b,0
Bmp7_Acvr2a,0
Bmp7_Bmpr2,0
Bmp7_Bmpr1a,0
Bmp7_Acvr1,0
Bmp7_Acvrl1,0
Ccl8_Ccr2,0
Ccl8_Ccr5,0
Ccl8_Ccr3,0
Ccl8_Ccr1,0
Ccl8_Ccr8,0
Rarres2_Ccrl2,0
Timp1_Lrp1,0
Timp1_Itgb1,0
Timp1_Cd63,0
Wnt3a_Fzd6,0
Wnt3a_Fzd2,0
Wnt3a_Lrp5,0
Wnt3a_Fzd1,0
Wnt3a_Fzd3,0
Wnt3a_Fzd8,0
Wnt3a_Lrp6,0
Wnt3a_Fzd5,0
Wnt3a_Fzd7,0
Wnt3a_Fzd4,0
Wnt3a_Igf1r,0
Wnt3a_Ptk7,0
Wnt3a_Apcdd1,0
Psen2_Notch2,0
Wnt2_Fzd2,0
Wnt2_Lrp5,0
Wnt2_Fzd1,0
Wnt2_Fzd3,0
Wnt2_Fzd8,0
Wnt2_Fzd5,0
Wnt2_Fzd7,0
Wnt2_Fzd9,0
Wnt2_Fzd4,0
Bmp5_Bmpr1b,0
Bmp5_Bmpr2,0
Bmp5_Bmpr1a,0
Wnt8a_Fzd1,0
Wnt8a_Lrp6,0
Wnt8a_Fzd5,0
Wnt8a_Fzd7,0
Wnt8a_Fzd4,0
Wnt8a_Ptk7,0
Plg_Lrp2,0
Plg_Plgrkt,0
Plg_Igf2r,0
Plg_Itgb2,0
Plg_Plaur,0
Csf1_Csf1r,0
Csf1_Flt4,0
Ceacam16_Tectb,0
Ceacam16_Tecta,0
Dll1_Notch1,0
Dll1_Notch3,0
Dll1_Notch2,0
Dll1_Notch4,0
Mmp13_Lrp1,0
Lama5_Itgb4,0
Lama5_Bcam,0
Hspa8_Aqp2,0
Cd34_Sell,0
Cd274_Pdcd1,0
Cd274_Cd80,0
Lnx2_Cd8a,0
Lnx2_Cxadr,0
Il10_Il10ra,0
Il10_Il10rb,0
Prl5a1_Prlr,0
Pyy_Npy5r,0
Pyy_Npy1r,0
Pyy_Dpp4,0
Ppy_Npy2r,0
Vtn_Itgav,0
Vtn_Itgb5,0
Vtn_Itga8,0
Vtn_Plaur,0
Igfbp4_Lrp6,0
Ada_Dpp4,0
Ada_Adora2b,0
Ada_Adora1,0
Mmp9_Lrp1,0
Mmp9_Ephb2,0
Mmp9_Cd44,0
Mmp9_Tlr9,0
Mmp9_Tlr4,0
Mmp9_Itgb2,0
Prl3c1_Prlr,0
Mfng_Notch1,0
Gdf9_Bmpr1b,0
Gdf9_Acvr2a,0
Gdf9_Bmpr2,0
Gdf9_Bmpr1a,0
Gdf9_Tgfbr1,0
Gdf9_Acvr1c,0
Gdf9_Acvr1b,0
Wnt9b_Lrp5,0
Wnt9b_Lrp6,0
Wnt9b_Fzd5,0
Tnfsf13_Tnfrsf17,0
Tnfsf13_Tnfrsf13b,0
Il3_Il4ra,0
Il3_Il2ra,0
Il3_Csf2rb2,0
Il3_Il3ra,0
Csf2_Sdc2,0
Csf2_Csf1r,0
Csf2_Csf2rb,0
Csf2_Csf2ra,0
Csf2_Csf3r,0
Cxcl16_Cxcr6,0
Ccl6_Ccr1,0
Ccl4_Ackr2,0
Ccl4_Ccr5,0
Ccl4_Ccr3,0
Ccl4_Ccr1,0
Ccl4_Ccr8,0
Ccl9_Ccr1,0
Calm3_Grm7,0
Calm3_Scn10a,0
Calm3_Scn4a,0
Calm3_Trpc5,0
Calm3_Kcnq3,0
Calm3_Adcy8,0
Calm3_Mylk,0
Icam5_Itgal,0
Icam5_Itgb2,0
Cd70_Cd27,0
Sema6a_Plxna4,0
Sema6a_Plxna2,0
Vip_Dpp4,0
Vip_Npr3,0
Vip_Ramp2,0
Vip_Vipr1,0
Vip_Adcyap1r1,0
Vip_Ramp1,0
Vip_Ramp3,0
Vip_Vipr2,0
Lama4_Itgb1,0
Nts_Sort1,0
Nts_Ntsr1,0
Nts_Ntsr2,0
Nts_Ngfr,0
Ccn2_Egfr,0
Ccn2_Lrp6,0
Ccn2_Fgfr2,0
Ccn2_Lrp1,0
Ccn2_Itgam,0
Ccn2_Itga5,0
Ccn2_Ntrk1,0
Hsp90b1_Lrp6,0
Hsp90b1_Lrp1,0
Hsp90b1_Tlr2,0
Hsp90b1_Tlr9,0
Hsp90b1_Tlr4,0
Hsp90b1_Pparg,0
Fgf18_Fgfr1,0
Fgf18_Fgfr4,0
Fgf18_Fgfr2,0
Fgf18_Fgfr3,0
Madcam1_Itgb7,0
Madcam1_Itga4,0
Fgf22_Fgfr1,0
Fgf22_Fgfr2,0
Il13_Il4ra,0
Il13_Il13ra1,0
Il13_Il13ra2,0
Pomc_Mc5r,0
Pomc_Mc3r,0
Pomc_Mc2r,0
Pomc_Mc4r,0
Pomc_Oprm1,0
Pomc_Mc1r,0
Pomc_Oprd1,0
Ccl7_Ccr2,0
Ccl7_Ccr5,0
Ccl7_Cxcr3,0
Ccl7_Ccr3,0
Ccl7_Ccr1,0
Ccl7_Ccr10,0
Tac4_Tacr1,0
Gng4_Kcnj6,0
Prl7d1_Prlr,0
Prl2c5_Prlr,0
Prl4a1_Prlr,0
Edn1_Ednrb,0
Edn1_Kel,0
Edn1_Ednra,0
Sema4d_Erbb2,0
Sema4d_Plxna2,0
Sema4d_Cd72,0
Sema4d_Plxnb1,0
Sema4d_Met,0
Sema4d_Plxnb2,0
Cxcl14_Cxcr4,0
Il9_Il9r,0
Thbs4_Notch1,0
Fgf10_Fgfr1,0
Fgf10_Fgfr2,0
Fgf10_Fgfr3,0
Nid2_Col13a1,0
Plau_Lrp1,0
Plau_Lrp2,0
Plau_Igf2r,0
Plau_Mrc2,0
Plau_Itgb2,0
Plau_Plaur,0
Vcl_Alk,0
Arf4_Lrp2,0
Fgf9_Fgfr1,0
Fgf9_Fgfr4,0
Fgf9_Fgfr2,0
Fgf9_Fgfr3,0
Tnfsf11_Lgr4,0
Tnfsf11_Tnfrsf11b,0
Tnfsf11_Itga2b,0
Tnfsf11_Tnfrsf11a,0
Clu_Lrp2,0
Clu_Lrp8,0
Clu_Vldlr,0
Adam2_Itgb7,0
Adam2_Itgb1,0
Adam2_Itga6,0
Adam2_Cd9,0
Adam2_Itga9,0
Fgf17_Fgfr1,0
Fgf17_Fgfr4,0
Fgf17_Fgfr2,0
Fgf17_Fgfr3,0
Gdnf_Gfra4,0
Gdnf_Ret,0
Gdnf_Sorl1,0
Gdnf_Sdc3,0
Gdnf_Gfra3,0
Gdnf_Gfra1,0
Gdnf_Gfra2,0
Angpt1_Itga5,0
Angpt1_Tek,0
Col2a1_Itgav,0
Col2a1_Itga2b,0
Col2a1_Itga2,0
Col2a1_Itga1,0
Col2a1_Mag,0
Pla2g10_Pla2r1,0
Ahsg_Insr,0
Hrg_Erbb2,0
Hrg_Erbb3,0
Adipoq_Adipor1,0
Adipoq_Adipor2,0
Prl2a1_Prlr,0
Pros1_Tyro3,0
Pros1_Axl,0
Pros1_Mertk,0
Wnt10b_Fzd6,0
Wnt10b_Fzd8,0
Wnt10b_Lrp6,0
Wnt10b_Fzd5,0
Wnt10b_Fzd7,0
Wnt10b_Fzd4,0
Wnt1_Fzd6,0
Wnt1_Lrp5,0
Wnt1_Fzd1,0
Wnt1_Fzd8,0
Wnt1_Lrp6,0
Wnt1_Fzd5,0
Wnt1_Fzd7,0
Wnt1_Fzd9,0
Wnt1_Fzd10,0
Npff_Npffr2,0
Npff_Npffr1,0
Cxcl13_Cxcr3,0
Cxcl13_Ackr4,0
Cxcl13_Cxcr5,0
Ccl25_Ackr2,0
Ccl25_Ackr4,0
Ccl25_Ccr9,0
Guca2a_Gucy2c,0
Bmp15_Bmpr1b,0
Bmp15_Bmpr2,0
Bmp15_Bmpr1a,0
Bmp15_Tgfbr1,0
Bmp15_Acvr1c,0
Bmp15_Acvr1b,0
Gnb3_Kcnj6,0
Crisp2_Catsper1,0
Ntn3_Dcc,0
Ntn3_Neo1,0
C3_Lrp1,0
C3_Itgam,0
C3_Cd46,0
C3_Cd55,0
C3_C3ar1,0
C3_Cr2,0
C3_C5ar2,0
C3_Cd19,0
C3_Cd81,0
C3_Itgb2,0
Tslp_Crlf2,0
Tslp_Il7r,0
Apom_Lrp2,0
Ltb_Ltbr,0
Ltb_Tnfrsf1a,0
Ltb_Cd40,0
Tnf_Tnfrsf1a,0
Tnf_Rhbdf2,0
Tnf_Tnfrsf1b,0
Tnf_Cd40,0
Lta_Ltbr,0
Lta_Tnfrsf14,0
Lta_Tnfrsf1a,0
Lta_Tnfrsf1b,0
Hbegf_Egfr,0
Hbegf_Erbb2,0
Hbegf_Cd9,0
Hbegf_Erbb3,0
Hbegf_Erbb4,0
Scgb1a1_Lrp2,0
Anxa1_Fpr2,0
Anxa1_Fpr1,0
Anxa1_Dysf,0
Il33_Il1rl1,0
Il33_Il1rap,0
Il33_Kit,0
Dkk1_Lrp5,0
Dkk1_Lrp6,0
Dkk1_Kremen2,0
Dkk1_Kremen1,0
Gal_Gpr151,0
Gal_Galr1,0
Gal_Galr2,0
Vegfb_Flt1,0
Vegfb_Nrp1,0
Rbp4_Stra6,0
Slit1_Gpc1,0
Slit1_Robo2,0
Slit1_Plxna1,0
Slit1_Flrt3,0
Slit1_Robo1,0
Sema4g_Plxnb2,0
Fgf8_Fgfr1,0
Fgf8_Fgfr4,0
Fgf8_Fgfr2,0
Fgf8_Fgfr3,0
Fgf8_Fgfrl1,0
Gdf11_Acvr2b,0
Gdf11_Acvr2a,0
Gdf11_Tgfbr1,0
Gdf11_Acvr1c,0
Gdf11_Acvr1b,0
Il23a_Il23r,0
Il23a_Il12rb1,0
Inhbc_Acvr2b,0
Inhbc_Acvr2a,0
Hras_Tlr2,0
Hras_Grin2d,0
Hras_Cav1,0
Hras_Tlr9,0
Podxl_Sell,0
Nmb_Brs3,0
Nmb_Nmbr,0
Il6_Egfr,0
Il6_Il6st,0
Il6_Il6ra,0
Il17a_Il17rd,0
Il17a_Il17rc,0
Il17a_Il17ra,0
Ctla4_Cd80,0
Mstn_Acvr2b,0
Mstn_Acvr2a,0
Mstn_Tgfbr1,0
Mstn_Acvr1b,0
Nppc_Npr3,0
Nppc_Npr1,0
Nppc_Npr2,0
Il20_Il20rb,0
Il20_Il22ra1,0
Il20_Il20ra,0
Lamc2_Itgb1,0
Lamc2_Itga6,0
Lamc2_Itgb4,0
Lamc2_Itga3,0
Xcl1_Xcr1,0
Angptl1_Tek,0
Tnfsf4_Traf2,0
Tnfsf4_Tnfrsf4,0
Cel_Cxcr4,0
Hc_C5ar2,0
Hc_C5ar1,0
Fshb_Fshr,0
Lin7c_Abca1,0
Lin7c_Htr2c,0
Mdk_Lrp6,0
Mdk_Lrp1,0
Mdk_Itgb1,0
Mdk_Alk,0
Mdk_Ptprz1,0
F2_Itga2b,0
F2_Thbd,0
F2_F2rl2,0
F2_F2rl1,0
Jag1_Notch1,0
Jag1_Notch3,0
Jag1_Notch2,0
Jag1_Notch4,0
Oxt_Avpr2,0
Oxt_Oxtr,0
Spint1_St14,0
Bmp2_Acvr2b,0
Bmp2_Bmpr1b,0
Bmp2_Acvr2a,0
Bmp2_Bmpr2,0
Bmp2_Bmpr1a,0
Bmp2_Tgfbr3,0
Bmp2_Acvr1,0
Bmp2_Hjv,0
Il1b_Il1rap,0
Il1b_Il1r1,0
Il1b_Il1r2,0
Il1a_Il1rap,0
Il1a_Il1r1,0
Il1a_Il1r2,0
Cst3_Lrp2,0
Angpt4_Tek,0
Edn3_Ednrb,0
Edn3_Kel,0
Edn3_Ednra,0
a_Mc1r,0
a_Atrn,0
Ghrh_Vipr1,0
Ghrh_Ghrhr,0
Il21_Il2rg,0
Il21_Il21r,0
Il2_Il2ra,0
Il2_Il2rg,0
Il2_Il2rb,0
Il2_Ngfr,0
Wnt2b_Fzd4,0
Efna1_Epha3,0
Efna1_Epha4,0
Efna1_Epha7,0
Efna1_Epha6,0
Efna1_Epha10,0
Efna1_Epha8,0
Efna1_Epha1,0
Efna1_Epha2,0
Efna1_Epha5,0
Vcam1_Itgb7,0
Vcam1_Itgb1,0
Vcam1_Itga4,0
Vcam1_Itga9,0
Vcam1_Itgb2,0
Sfrp2_Fzd5,0
Pdgfc_Pdgfra,0
Pdgfc_Pdgfrb,0
Pdgfc_Flt4,0
Egf_Egfr,0
Egf_Erbb2,0
Egf_Cd44,0
Egf_Cav1,0
Egf_Nrp1,0
Egf_Erbb3,0
Egf_Erbb4,0
Dkk2_Lrp6,0
Efna3_Erbb2,0
Efna3_Epha3,0
Efna3_Epha4,0
Efna3_Epha7,0
Efna3_Epha6,0
Efna3_Ephb1,0
Efna3_Epha10,0
Efna3_Epha8,0
Efna3_Epha1,0
Efna3_Epha2,0
Efna3_Epha5,0
Efna4_Epha3,0
Efna4_Epha4,0
Efna4_Epha7,0
Efna4_Epha6,0
Efna4_Epha10,0
Efna4_Epha8,0
Efna4_Epha1,0
Efna4_Epha2,0
Efna4_Epha5,0
Adam15_Itgav,0
Adam15_Itgb1,0
Adam15_Itga9,0
Sema4a_Nrp1,0
Sema4a_Plxnb1,0
Sema4a_Plxnb2,0
Sema4a_Plxnd1,0
Ccn1_Tlr2,0
Ccn1_Itgav,0
Ccn1_Itgam,0
Ccn1_Itgb2,0
Tnfsf8_Tnfrsf8,0
Tln1_Itgal,0
Tln1_Itgb1,0
Tln1_Itgb2,0
Col9a2_Mag,0
Edn2_Ednrb,0
Edn2_Kel,0
Edn2_Ednra,0
Sema3c_Nrp1,0
Sema3c_Nrp2,0
Sema3c_Plxna4,0
Sema3c_Plxnb1,0
Sema3c_Plxnd1,0
Hgf_Itgb1,0
Hgf_Cd44,0
Hgf_Sdc2,0
Hgf_Nrp1,0
Hgf_Nrp2,0
Hgf_Plxnb1,0
Hgf_Met,0
Rspo1_Lrp6,0
Rspo1_Lgr4,0
Rspo1_Lgr6,0
Rspo1_Znrf3,0
Rspo1_Lgr5,0
Sema3a_Nrp1,0
Sema3a_Nrp2,0
Sema3a_Plxna4,0
Sema3a_Plxna2,0
Sema3a_Plxna1,0
Uts2_Uts2r,0
Cort_Sstr3,0
Cort_Sstr2,0
Cort_Sstr4,0
Cort_Sstr5,0
Cort_Sstr1,0
Cort_Ghsr,0
Draxin_Dcc,0
Gnb1_Kcnj6,0
Nmu_Nmur2,0
Nmu_Nmur1,0
Bmp3_Acvr2b,0
Bmp3_Acvr2a,0
Fgf5_Fgfr1,0
Fgf5_Fgfr4,0
Fgf5_Fgfr2,0
Fgf5_Fgfr3,0
Cxcl5_Ackr1,0
Cxcl5_Cxcr2,0
Ppbp_Cxcr2,0
Ppbp_Cxcr1,0
Pf4_Fgfr2,0
Pf4_Cxcr3,0
Pf4_Lrp1,0
Pf4_Ccr1,0
Pf4_Thbd,0
Pf4_Procr,0
Areg_Egfr,0
Areg_Igf1r,0
Areg_Erbb2,0
Areg_Erbb3,0
Areg_Erbb4,0
Cxcl3_Cxcr3,0
Cxcl3_Cxcr2,0
Cxcl1_Ackr1,0
Cxcl1_Cxcr2,0
Cxcl1_Cxcr1,0
Il31_Il31ra,0
Il31_Osmr,0
Pla2g1b_Pla2r1,0
Col1a2_Itgb1,0
Col1a2_Cd44,0
Col1a2_Cd93,0
Col1a2_Itga2,0
Gng11_Kcnj6,0
Epo_Mpl,0
Epo_Epor,0
Gnb2_Kcnj6,0
Npy_Npy5r,0
Npy_Npy1r,0
Npy_Dpp4,0
Npy_Npy2r,0
Npy_Npy4r,0
Npy_Npy6r,0
Npy_Fap,0
Npvf_Npffr2,0
Npvf_Npffr1,0
Tgfa_Egfr,0
Tgfa_Erbb2,0
Tgfa_Erbb3,0
Tgfa_Erbb4,0
Bmp10_Bmpr1b,0
Bmp10_Bmpr2,0
Bmp10_Bmpr1a,0
Bmp10_Tgfbr1,0
Bmp10_Eng,0
Bmp10_Acvr1,0
Bmp10_Alk,0
Bmp10_Acvrl1,0
Prok2_Prokr2,0
Prok2_Prokr1,0
Wnt7a_Lrp5,0
Wnt7a_Fzd1,0
Wnt7a_Fzd3,0
Wnt7a_Lrp6,0
Wnt7a_Fzd5,0
Wnt7a_Fzd7,0
Wnt7a_Fzd9,0
Wnt7a_Fzd4,0
Wnt7a_Lrp4,0
Wnt7a_Adgra2,0
Wnt7a_Celsr3,0
Wnt7a_Reck,0
Gdf3_Acvr2b,0
Gdf3_Acvr2a,0
Gdf3_Tgfbr1,0
Gdf3_Acvr1c,0
Gdf3_Acvr1b,0
Clec2d_Klrb1b,0
Rtn2_Rtn4r,0
Vasp_Itga4,0
Mfge8_Pdgfrb,0
Mfge8_Itgav,0
Mfge8_Itgb1,0
Mfge8_Itgb5,0
Mfge8_Itgb3,0
Calca_Calcrl,0
Calca_Calcr,0
Fgf21_Fgfr1,0
Fgf21_Fgfr2,0
Fgf21_Fgfr3,0
Fgf21_Klb,0
Izumo1_Cd9,0
Izumo1_Izumo1r,0
Hpx_Lrp1,0
Fgf15_Fgfr1,0
Fgf15_Fgfr4,0
Fgf15_Fgfr2,0
Fgf15_Fgfr3,0
Fgf15_Klb,0
Fadd_Fas,0
Fadd_Tnfrsf1a,0
Fadd_Tradd,0
Fadd_Tnfrsf10b,0
Cd40lg_Traf2,0
Cd40lg_Traf1,0
Cd40lg_Cd40,0
Cd40lg_Traf3,0
Fgf13_Fgfr1,0
Fgf13_Fgfr4,0
Fgf13_Fgfr2,0
Fgf13_Fgfr3,0
Fgf13_Scn5a,0
F9_Lrp1,0
F8_Lrp1,0
F8_Ldlr,0
Fgf16_Fgfr1,0
Fgf16_Fgfr4,0
Fgf16_Fgfr2,0
Fgf16_Fgfr3,0
Bgn_Tlr2,0
Bgn_Cd44,0
Bgn_Tlr4,0
Bgn_P2rx7,0
Bgn_P2rx4,0
Vegfd_Fgfr2,0
Vegfd_Nrp2,0
Vegfd_Flt4,0
Vegfd_Itga9,0
Vegfd_Kdr,0
Angpt2_Itgav,0
Angpt2_Itgb1,0
Angpt2_Itga5,0
Angpt2_Tek,0
Angpt2_Itgb2,0
Tnfsf13b_Tnfrsf17,0
Tnfsf13b_Tnfrsf13c,0
Tnfsf13b_Tnfrsf13b,0
Col4a1_Itgb1,0
Col4a1_Cd93,0
Col4a2_Itgb1,0
Col4a2_Cd93,0
Vegfc_Itgb1,0
Vegfc_Nrp2,0
Vegfc_Flt4,0
Vegfc_Itga9,0
Vegfc_Kdr,0
Vegfc_Ccbe1,0
Plat_Lrp1,0
Plat_Itgam,0
Sfrp1_Fzd2,0
Fgf20_Fgfr1,0
Fgf20_Fgfr4,0
Fgf20_Fgfr2,0
Fgf20_Fgfr3,0
Il15_Il2ra,0
Il15_Il2rg,0
Il15_Il2rb,0
Il15_Il15ra,0
Il15_Il11ra1,0
Mmp2_Itgav,0
Mmp2_Itgb1,0
Mmp2_Sdc2,0
Mmp2_Itgb3,0
Cx3cl1_Itgav,0
Cx3cl1_Itgb1,0
Cx3cl1_Itga4,0
Cx3cl1_Cx3cr1,0
Cx3cl1_Itgb3,0
Ccl22_Ccr4,0
Ccl22_Ackr2,0
Ccl22_Dpp4,0
Ccl17_Ccr4,0
Ccl17_Ackr1,0
Ccl17_Ackr2,0
Ccl17_Ccr8,0
Insl3_Rxfp2,0
Insl3_Rxfp1,0
Jam3_Itgam,0
Jam3_Itgal,0
Jam3_Itgb1,0
Jam3_Itga4,0
Jam3_Itgb2,0
Apoc3_Lrp1,0
Apoc3_Gpihbp1,0
Apoc3_Ldlr,0
Apoa1_Lrp2,0
Apoa1_Abca1,0
Lipc_Lrp1,0
Lipc_Ldlr,0
Lipc_Scarb1,0
Ptgs2_Ptger4,0
Ptgs2_Ptger3,0
Ptgs2_Ptger2,0
Ptgs2_Ptger1,0
Ucn_Crhr1,0
Ucn_Crhr2,0
Ntng2_Lrrc4c,0
Ntng2_Lrrc4,0
Avp_Avpr2,0
Avp_Oxtr,0
Avp_Avpr1a,0
Avp_Avpr1b,0
Lgals3bp_Itgb1,0
Apob_Lrp6,0
Apob_Lrp1,0
Apob_Lrp2,0
Apob_Cd36,0
Apob_Tlr4,0
Apob_Ldlr,0
Apob_Scarb1,0
Apob_Apobr,0
Apob_Mttp,0
Apob_Lsr,0
Wnt4_Fzd6,0
Wnt4_Fzd2,0
Wnt4_Fzd1,0
Wnt4_Fzd8,0
Wnt4_Lrp6,0
Wnt4_Fzd5,0
Wnt4_Fzd7,0
Wnt4_Fzd4,0
Wnt4_Fzd10,0
Wnt4_Musk,0
Fgg_Itgav,0
Fgg_Itga5,0
Fgg_Itga2b,0
Fgg_Itgb2,0
Galp_Galr1,0
Galp_Galr2,0
Fgf2_Fgfr1,0
Fgf2_Fgfr4,0
Fgf2_Fgfr2,0
Fgf2_Fgfr3,0
Fgf2_Itgav,0
Fgf2_Cd44,0
Fgf2_Sdc2,0
Fgf2_Notch1,0
Fgf2_Nrp1,0
Fgf2_Sdc3,0
Fgf2_Ptprz1,0
Fgf2_Kit,0
Fgf2_Fgfrl1,0
Fgf2_Sdc4,0
Fgf2_Sdc1,0
Fgf2_Itgb3,0
Fgf2_Lyve1,0
Fgf2_Gpc4,0
Csf3_Csf1r,0
Csf3_Csf3r,0
Bmp8a_Acvr2b,0
Bmp8a_Acvr2a,0
Bmp8a_Tgfbr2,0
Bmp8a_Bmpr2,0
Bmp8a_Bmpr1a,0
Bmp8a_Tgfbr1,0
Gdf7_Bmpr1b,0
Gdf7_Acvr2a,0
Gdf7_Bmpr2,0
Gdf7_Bmpr1a,0
Serpine1_Lrp1,0
Serpine1_Lrp2,0
Serpine1_Vldlr,0
Serpine1_Lrp1b,0
Serpine1_Plaur,0
Ccl5_Ccr4,0
Ccl5_Ackr1,0
Ccl5_Ackr2,0
Ccl5_Ccr5,0
Ccl5_Ccr3,0
Ccl5_Ackr4,0
Ccl5_Ccr1,0
Ccl5_Ccrl2,0
Ccl5_Gpr75,0
Nodal_Acvr2b,0
Nodal_Acvr2a,0
Nodal_Acvr1c,0
Nodal_Acvr1b,0
Npnt_Itgb1,0
Npnt_Itga8,0
Lman1_Mcfd2,0
Tnfsf10_Tnfrsf11b,0
Tnfsf10_Tnfrsf10b,0
Inha_Acvr2a,0
Tnfsf9_Traf2,0
Tnfsf9_Traf1,0
Tnfsf9_Tnfrsf9,0
Tnfsf9_Tmem126a,0
Pth2_Ramp1,0
Pth2_Pth2r,0
Mif_Cd44,0
Mif_Cd74,0
Mif_Cxcr4,0
Mif_Cxcr2,0
Mif_Ackr3,0
Spon1_Lrp8,0
Lefty1_Acvr2b,0
Lefty1_Acvr2a,0
Lefty1_Acvr1,0
Lefty1_Acvr1b,0
Sct_Sctr,0
Sct_Vipr2,0
Rspo4_Lgr4,0
Rspo4_Lgr6,0
Rspo4_Lgr5,0
Sema7a_Itgb1,0
Gng10_Kcnj6,0
Wnt8b_Lrp6,0
Wnt8b_Fzd7,0
Wnt8b_Fzd10,0
Wnt8b_Ptk7,0
Amh_Bmpr1a,0
Amh_Acvr1,0
Amh_Amhr2,0
Il5_Csf2rb,0
Il5_Il5ra,0
Tgfb2_Tgfbr2,0
Tgfb2_Tgfbr1,0
Tgfb2_Tgfbr3,0
Iapp_Ramp3,0
Iapp_Calcr,0
Lama1_Itgb1,0
Lama1_Itga7,0
Lama1_Itgb4,0
Lama1_Itga2,0
Lama1_Itga1,0
Pmch_Mchr1,0
Crp_Tlr4,0
Crp_Fcgr1,0
Crp_Olr1,0
Thbs1_Ptprj,0
Thbs1_Lrp1,0
Thbs1_Itgav,0
Thbs1_Itgb1,0
Thbs1_Itgb8,0
Thbs1_Cd47,0
Thbs1_Cd36,0
Thbs1_Vldlr,0
Thbs1_Itga5,0
Thbs1_Itga2,0
Thbs1_Itga1,0
Thbs1_Itga3,0
Thbs1_Sdc1,0
Thbs1_Itgb3,0
Thbs1_Itgb6,0
Thbs1_Scarb2,0
Inhbb_Acvr2b,0
Inhbb_Acvr2a,0
Inhbb_Acvr1c,0
Clcf1_Il6st,0
Clcf1_Cntfr,0
Clcf1_Crlf1,0
Fgf1_Fgfr1,0
Fgf1_Fgfr4,0
Fgf1_Fgfr2,0
Fgf1_Fgfr3,0
Fgf1_Cd44,0
Fgf1_Nrp1,0
Apln_Aplnr,0
Grn_Sort1,0
Grn_Tnfrsf1a,0
Grn_Tnfrsf1b,0
Nrtn_Ret,0
Nrtn_Sdc3,0
Nrtn_Gfra3,0
Nrtn_Gfra1,0
Nrtn_Gfra2,0
Prl3a1_Prlr,0
Gc_Lrp2,0
Il17f_Il17rc,0
Il17f_Il17ra,0
Cxcl10_Cxcr3,0
Cxcl10_Dpp4,0
Cxcl10_Tlr4,0
Cxcl10_Cxcr4,0
Cxcl10_Sdc4,0
Prl3b1_Prlr,0
Chad_Itgb1,0
Chad_Itga2,0
Inhba_Acvr2b,0
Inhba_Acvr2a,0
Inhba_Tgfbr1,0
Inhba_Tgfbr3,0
Inhba_Acvr1c,0
Inhba_Acvr1b,0
S100b_Fgfr1,0
S100b_Alcam,0
Gdf5_Ror2,0
Gdf5_Acvr2b,0
Gdf5_Bmpr1b,0
Gdf5_Acvr2a,0
Gdf5_Bmpr2,0
Gdf5_Acvr1,0
C1qa_Cd93,0
Calm2_Grm7,0
Calm2_Scn10a,0
Calm2_Scn4a,0
Calm2_Trpc5,0
Calm2_Kcnq3,0
Calm2_Adcy8,0
Calm2_Mylk,0
Calm2_Cacna1c,0
Ctf1_Il6st,0
Ucn3_Il10rb,0
Ucn3_Crhr1,0
Ucn3_Crhr2,0
Efnb1_Egfr,0
Efnb1_Ephb2,0
Efnb1_Epha4,0
Efnb1_Ephb3,0
Efnb1_Epha7,0
Efnb1_Ephb4,0
Efnb1_Epha6,0
Efnb1_Ephb6,0
Efnb1_Ephb1,0
Efnb1_Epha5,0
Rln3_Rxfp2,0
Rln3_Rxfp1,0
Rln3_Rxfp4,0
Rln3_Rxfp3,0
Col9a1_Mag,0
Nlgn2_Nrxn1,0
Nlgn2_Nrxn3,0
Nlgn2_Nrxn2,0
Prl2c1_Prlr,0
Lcn2_Lrp2,0
Lcn2_Slc22a17,0
Inhbe_Acvr2b,0
Inhbe_Acvr2a,0
Pnoc_Oprl1,0
Fn1_Itgb7,0
Fn1_Itgb1,0
Fn1_Cd44,0
Fn1_Itga5,0
Fn1_Col13a1,0
Fn1_Itga2b,0
Fn1_Flrt2,0
Fn1_Itga3,0
Fn1_Cd79a,0
Fbln1_Itgb1,0
Il18_Il18r1,0
Il18_Il18bp,0
Il18_Il18rap,0
Il27_Il6st,0
Il27_Il27ra,0
Qrfp_Qrfpr,0
Pcsk9_Lrp1,0
Pcsk9_Lrp8,0
Pcsk9_Vldlr,0
Pcsk9_Sort1,0
Pcsk9_Ldlr,0
Pcsk9_Aplp2,0
Arf6_Pld1,0
Il17c_Il17re,0
Dscam_Dcc,0
Igf1_Igf1r,0
Igf1_Itgav,0
Igf1_Insr,0
Igf1_Itgb3,0
Cd14_Tlr2,0
Cd14_Itgb1,0
Cd14_Tlr9,0
Cd14_Tlr4,0
Cd14_Itga4,0
Cd14_Cd55,0
Cd14_C3ar1,0
Cd14_Itgb2,0
Cd14_Ly96,0
Cd14_Tlr3,0
Fgf4_Fgfr1,0
Fgf4_Fgfr4,0
Fgf4_Fgfr2,0
Fgf4_Fgfr3,0
Fgf4_Nrp1,0
Gnai2_Igf1r,0
Gnai2_Cav1,0
Gnai2_Oprd1,0
Gnai2_C5ar1,0
Gnai2_Adra2b,0
Gnai2_Drd2,0
Gnai2_Lhcgr,0
Gnai2_Mtnr1b,0
Gnai2_Cnr1,0
Hcrt_Hcrtr2,0
Hcrt_Hcrtr1,0
Cd24a_Selp,0
Bdnf_Sort1,0
Bdnf_Ntrk1,0
Bdnf_Ntrk2,0
Bdnf_Bex3,0
Bdnf_Ngfr,0
Bdnf_Insrr,0
Bdnf_Ntrk3,0
Bdnf_Sorcs2,0
S100a1_Tlr4,0
S100a1_Ryr1,0
S100a1_Ryr2,0
Nxph3_Nrxn1,0
Nxph3_Nrxn3,0
Nxph3_Nrxn2,0
Ucn2_Il10rb,0
Ucn2_Crhr1,0
Ucn2_Crhr2,0
Crh_Crhr1,0
Crh_Crhr2,0
Fat4_Dchs1,0
Gdf6_Bmpr1b,0
Gdf6_Acvr2a,0
Gdf6_Bmpr2,0
Gdf6_Bmpr1a,0
Adam10_Lrp1,0
Adam10_Itgav,0
Adam10_Erbb2,0
Adam10_Epha3,0
Adam10_Notch1,0
Adam10_Notch3,0
Adam10_Tspan15,0
Adam10_Il6ra,0
Adam10_Cadm1,0
Adam10_Axl,0
Adam10_Fcer2a,0
Adam10_Tspan17,0
Adam10_Tspan5,0
Adam10_Gpnmb,0
Adam10_Tspan14,0
Adam10_Tspan10,0
Artn_Ret,0
Artn_Sdc3,0
Artn_Gfra3,0
Artn_Gfra1,0
Artn_Gfra2,0
Adm2_Ramp3,0
Adm2_Calcrl,0
Wnt5a_Fzd6,0
Wnt5a_Fzd2,0
Wnt5a_Lrp5,0
Wnt5a_Fzd1,0
Wnt5a_Fzd3,0
Wnt5a_Fzd8,0
Wnt5a_Ror1,0
Wnt5a_Lrp6,0
Wnt5a_Ror2,0
Wnt5a_Fzd5,0
Wnt5a_Fzd7,0
Wnt5a_Fzd9,0
Wnt5a_Fzd4,0
Wnt5a_Notch1,0
Wnt5a_Ryk,0
Adam12_Itgb1,0
Adam12_Tgfbr2,0
Adam12_Epha1,0
Adam12_Itga9,0
Adam12_Sdc4,0
Amelx_Cd63,0
Amelx_Lamp1,0
Nlgn3_Nrxn1,0
Nlgn3_Nrxn3,0
Nlgn3_Nrxn2,0
Agt_Lrp2,0
Agt_Agtr1a,0
Agt_Agtr1b,0
Agt_Agtr2,0
Agt_Mas1,0
Slit3_Robo2,0
Slit3_Plxna1,0
Slit3_Robo3,0
Slit3_Robo1,0
Lep_Lrp2,0
Lep_Leprot,0
Lep_Lepr,0
Adcyap1_Dpp4,0
Adcyap1_Ramp2,0
Adcyap1_Vipr1,0
Adcyap1_Adcyap1r1,0
Adcyap1_Ramp3,0
Adcyap1_Adrb3,0
Adcyap1_Vipr2,0
Lif_Il6st,0
Lif_Lifr,0
Rspo2_Lgr4,0
Rspo2_Lgr6,0
Rspo2_Znrf3,0
Rspo2_Lgr5,0
Adam17_Itgb1,0
Adam17_Itga6,0
Adam17_Notch1,0
Adam17_Notch2,0
Adam17_Itga5,0
Adam17_Cd9,0
Adam17_Tnfrsf1a,0
Adam17_Rhbdf2,0
Adam17_Tnfrsf1b,0
Adam17_Erbb4,0
Adam17_Aplp2,0
Adam17_Ghr,0
Adam17_Nectin4,0
Adam17_Cd40,0
Adam17_Itgb6,0
Dmp1_Phex,0
Sema5a_Met,0
Sema5a_Plxna1,0
Sema5a_Plxnb3,0
Fgf7_Fgfr1,0
Fgf7_Fgfr2,0
Fgf7_Fgfr3,0
Fgf7_Nrp1,0
Cthrc1_Fzd6,0
Cthrc1_Fzd3,0
Cthrc1_Fzd5,0
Alkal2_Alk,0
Tg_Lrp2,0
Ntng1_Lrrc4c,0
Prl7c1_Prlr,0
Postn_Egfr,0
Postn_Itgav,0
Postn_Itgb1,0
Postn_Itga5,0
Postn_Itgb3,0
Cxcl12_Itgav,0
Cxcl12_Itgb1,0
Cxcl12_Dpp4,0
Cxcl12_Itga5,0
Cxcl12_Itga4,0
Cxcl12_Oprm1,0
Cxcl12_Oprd1,0
Cxcl12_Cxcr4,0
Cxcl12_Ackr3,0
Cxcl12_Agtr1a,0
Cxcl12_Avpr1a,0
Cxcl12_Itgb3,0
Cxcl12_Cmklr1,0
Cxcl12_Gpr17,0
Prl3d3_Prlr,0
Nrg1_Egfr,0
Nrg1_Erbb2,0
Nrg1_Erbb3,0
Nrg1_Erbb4,0
Sema3e_Nrp1,0
Sema3e_Plxna1,0
Sema3e_Plxnd1,0
Bmp4_Bmpr1b,0
Bmp4_Acvr2a,0
Bmp4_Bmpr2,0
Bmp4_Bmpr1a,0
Bmp4_Hjv,0
Bmp4_Musk,0
Nlgn1_Nrxn1,0
Nlgn1_Nrxn3,0
Nlgn1_Nrxn2,0
Osm_Egfr,0
Osm_Il6st,0
Osm_Il11ra1,0
Osm_Lifr,0
Osm_Osmr,0
Cxcl2_Ackr1,0
Cxcl2_Cxcr2,0
Jag2_Notch1,0
Jag2_Notch3,0
Jag2_Notch2,0
Jag2_Notch4,0
Pdgfa_Pdgfra,0
Pdgfa_Pdgfrb,0
Itgb1bp1_Itgb1,0
Efna5_Ephb2,0
Efna5_Epha3,0
Efna5_Epha4,0
Efna5_Epha7,0
Efna5_Epha6,0
Efna5_Epha10,0
Efna5_Epha8,0
Efna5_Epha1,0
Efna5_Epha2,0
Efna5_Epha5,0
Gnb5_Kcnj6,0
Sftpd_Tlr4,0
Sftpd_Sirpa,0
Sftpd_Ly96,0
Gng8_Kcnj6,0
Pth_Lrp6,0
Pth_Ramp1,0
Pth_Pth1r,0
Pth_Pth2r,0
Gnas_Ptgdr,0
Gnas_Htr6,0
Gnas_Pth1r,0
Gnas_Lhcgr,0
Gnas_Gcgr,0
Sema3f_Nrp1,0
Sema3f_Nrp2,0
Sema3f_Plxna3,0
Prl7b1_Prlr,0
Prl3d2_Prlr,0
Prl3d1_Prlr,0
Hmgb1_Tlr2,0
Hmgb1_Itgav,0
Hmgb1_Itgam,0
Hmgb1_Tlr9,0
Hmgb1_Tlr4,0
Hmgb1_Cxcr4,0
Hmgb1_Thbd,0
Hmgb1_Ager,0
Hmgb1_Havcr2,0
Hmgb1_Itgb3,0
Hmgb1_Ly96,0
Hmgb1_Tlr1,0
Lefty2_Acvr2b,0
Lefty2_Acvr2a,0
Lefty2_Acvr1b,0
Tnfsf18_Tnfrsf18,0
Icam1_Itgav,0
Icam1_Itgam,0
Icam1_Itgal,0
Icam1_Ahr,0
Icam1_Itgb2,0
Icam1_Muc1,0
Icam1_Spn,0
Col4a4_Itgb1,0
Col4a4_Cd93,0
Col3a1_Itgb1,0
Col3a1_Mag,0
Col3a1_Ddr2,0
Gng5_Kcnj6,0
Sema3g_Nrp2,0
Sema3g_Plxna4,0
Prl6a1_Prlr,0
Lama3_Itgb4,0
Lama2_Itgb1,0
Lama2_Itga7,0
Lama2_Itgb4,0
Lama2_Itga2,0
Ccl26_Ccr2,0
Ccl26_Ccr3,0
Ccl26_Cx3cr1,0
Il11_Il6st,0
Il11_Il11ra1,0
Ccl21a_Ackr2,0
Ccl21a_Cxcr3,0
Ccl21a_Ccr7,0
Fgf14_Fgfr1,0
Fgf14_Fgfr4,0
Fgf14_Fgfr2,0
Fgf14_Fgfr3,0
Prl7a1_Prlr,0
Gng3_Kcnj6,0
Il22_Il22ra1,0
Il22_Il22ra2,0
Prl2c3_Prlr,0
Fyn_Thy1,0
Fyn_Cd244a,0
Fyn_Spn,0
Fgf12_Fgfr1,0
Fgf12_Fgfr4,0
Fgf12_Fgfr2,0
Fgf12_Fgfr3,0
Selplg_Sell,0
Selplg_Cxcr2,0
Selplg_Selp,0
Selplg_Vsir,0
Selplg_Sele,0
Psen1_Ephb2,0
Psen1_Notch1,0
Psen1_Notch3,0
Psen1_Notch2,0
Psen1_Notch4,0
Psen1_Erbb4,0
Psen1_Ncstn,0
Psen1_Nectin1,0
Sema6d_Plxna4,0
Sema6d_Plxna1,0
Sema6d_Kdr,0
Sema6d_Nrcam,0
Sema6d_Trem2,0
Sema6d_Tyrobp,0
Pla2g5_Pla2r1,0
Sema3b_Nrp1,0
Sema3b_Nrp2,0
Sema3b_Plxna1,0
Fgf11_Fgfr1,0
Fgf11_Fgfr4,0
Fgf11_Fgfr2,0
Fgf11_Fgfr3,0
Gcg_Dpp4,0
Gcg_Glp1r,0
Gcg_Gcgr,0
Gcg_Glp2r,0
Btla_Tnfrsf14,0
Rtn4_Rtn4r,0
Rtn4_Rtn4rl2,0
Rtn4_Ngfr,0
Rtn4_S1pr2,0
Rtn4_Lingo1,0
Rtn4_Cntnap1,0
Nxph2_Nrxn1,0
Prl2b1_Prlr,0
Fgf3_Fgfr1,0
Fgf3_Fgfr2,0
Fgf3_Fgfr3,0
Cd160_Tnfrsf14,0
Sema6c_Plxna1,0
Lgals9_Cd40,0
Lgals9_Havcr2,0
Apoc1_Vldlr,0
Ntn1_Dcc,0
Ntn1_Adora2b,0
Ntn1_Neo1,0
Ntn1_Robo3,0
Ntn1_Unc5d,0
Ntn1_Unc5a,0
Ntn1_Mcam,0
Ntn1_Unc5b,0
Ntn1_Unc5c,0
Wnt7b_Lrp5,0
Wnt7b_Fzd1,0
Wnt7b_Fzd3,0
Wnt7b_Fzd7,0
Wnt7b_Fzd4,0
Wnt7b_Fzd10,0
Wnt7b_Adgra2,0
Wnt7b_Celsr3,0
Vcan_Egfr,0
Vcan_Tlr2,0
Vcan_Cd44,0
Vcan_Selp,0
Calm1_Fas,0
Calm1_Sell,0
Calm1_Scn10a,0
Calm1_Scn4a,0
Calm1_Trpc5,0
Calm1_Kcnq3,0
Calm1_Adcy8,0
Calm1_Mylk,0
Calm1_Oprm1,0
Calm1_Cacna1c,0
Calm1_Kcnn4,0
Calm1_Grm4,0
Calm1_Cnga2,0
Calm1_Kcnq1,0
Calm1_Mip,0
Prl8a8_Prlr,0
Prl8a6_Prlr,0
Prl_Prlr,0
Prl2c2_Prlr,0
Cntf_Il6st,0
Cntf_Cntfr,0
Eda_Eda2r,0
Eda_Edar,0
Nrg2_Erbb3,0
Nrg2_Erbb4,0
Btc_Egfr,0
Btc_Erbb2,0
Btc_Erbb4,0
Lgals3_Il13ra2,0
Lgals3_Itgb1,0
Lgals3_Itgb4,0
Lgals3_Mag,0
Lgals3_Itga3,0
Lgals3_Mertk,0
Lgals3_Itgb3,0
Afdn_Nrxn3,0
Afdn_Nectin4,0
Afdn_Nectin3,0
Afdn_Nectin1,0
Afdn_Nectin2,0
Reln_Itgb1,0
Reln_Notch1,0
Reln_Lrp8,0
Reln_Vldlr,0
Reln_Itga5,0
Reln_Itga2b,0
Reln_Itga3,0
Reln_Itgb3,0
Nxph1_Nrxn1,0
Nxph1_Nrxn3,0
Nxph1_Nrxn2,0
Slit2_Robo2,0
Slit2_Plxna1,0
Slit2_Robo3,0
Slit2_Robo1,0
Slit2_Robo4,0
Col9a3_Mag,0
Wnt11_Fzd7,0
Wnt11_Musk,0
Wnt11_Ryk,0
Cntn2_Nrp1,0
Cntn2_Cntn1,0
L1cam_Itgav,0
L1cam_Erbb2,0
L1cam_Itgb1,0
L1cam_Nrp1,0
L1cam_Itga5,0
L1cam_Erbb3,0
L1cam_Cntn1,0
L1cam_Itgb3,0
Ngf_Sort1,0
Ngf_Ntrk1,0
Ngf_Ngfr,0
Ngf_Ntrk3,0
Ngf_Sorcs2,0
Ngf_Sorcs3,0
Ngf_Trpv1,0
Ntf3_Ntrk1,0
Ntf3_Ntrk2,0
Ntf3_Ngfr,0
Ntf3_Ntrk3,0
Omg_Rtn4r,0
Omg_Ngfr,0
Omg_Lingo1,0
Omg_Rtn4rl1,0
Ntf5_Ntrk1,0
Ntf5_Ngfr,0
Bsg_Cd44,0
Bsg_Cav1,0
Bsg_Itgb2,0
Bsg_Sele,0
Bsg_Slc16a1,0
Bsg_Spn,0
Bsg_Slc16a7,0
Fga_Itgb1,0
Fga_Tlr4,0
Fga_Itga5,0
Fga_Itga2b,0
Fga_Itgb2,0
Fga_Itgb3,0
Spon2_Itgb2,0
Gdf2_Bmpr2,0
Gdf2_Acvr1,0
Gdf2_Alk,0
Gdf2_Acvrl1,0
Il12a_Il12rb1,0
Lgals8_Itga3,0
Ihh_Cdon,0
Ihh_Ptch1,0
Ihh_Hhip,0
Ihh_Gpc1,0
Ihh_Ptch2,0
Ihh_Smo,0
Serpine2_Plaur,0
Srpx2_Plaur,0
Ceacam1_Plaur,0
Ceacam1_Sdc4,0
Mmp12_Plaur,0
Vegfa_Itgav,0
Vegfa_Sdc2,0
Vegfa_Gpc1,0
Vegfa_Flt1,0
Vegfa_Nrp1,0
Vegfa_Nrp2,0
Vegfa_Npr1,0
Vegfa_Ptprz1,0
Vegfa_Kdr,0
Vegfa_Axl,0
Vegfa_Itgb3,0
Vegfa_Ptprb,0
Gas6_Tyro3,0
Gas6_Axl,0
Gas6_Mertk,0
Il7_Il2rg,0
Il7_Il7r,0
Vim_Cd44,0
Mmp7_Cd44,0
Anxa2_Cd44,0
Has2_Cd44,0
Has2_Hmmr,0
Spp1_Itgav,0
Spp1_Itgb1,0
Spp1_Cd44,0
Spp1_Itgb5,0
Spp1_Itga8,0
Spp1_Itga4,0
Spp1_Itga9,0
Spp1_Itgb3,0
Prg4_Cd44,0
Igf2_Igf1r,0
Igf2_Igf2r,0
Igf2_Insr,0
Gpc3_Igf1r,0
Gpc3_Cd81,0
Kitl_Kit,0
Kitl_Epor,0
Pthlh_Pth1r,0
Igfbp5_Cav1,0
Calml3_Kcnq1,0
S100a9_Tlr4,0
S100a9_Ager,0
Dll4_Notch1,0
Dll4_Notch3,0
Dll4_Notch2,0
Dll4_Notch4,0
Dll3_Notch1,0
Dll3_Notch3,0
Dll3_Notch2,0
Dll3_Notch4,0
Il25_Il17rb,0
Il17b_Il17rb,0
Apoe_Lrp5,0
Apoe_Lrp6,0
Apoe_Lrp1,0
Apoe_Lrp2,0
Apoe_Lrp8,0
Apoe_Vldlr,0
Apoe_Sorl1,0
Apoe_Abca1,0
Apoe_Ldlr,0
Apoe_Scarb1,0
Apoe_Sdc4,0
Apoe_Sdc1,0
Apoe_Trem2,0
Ptn_Sdc2,0
Ptn_Nrp1,0
Ptn_Alk,0
Ptn_Ptprz1,0
Ptn_Sdc4,0
Ptn_Sdc1,0
Ptn_Ptprb,0
Rspo3_Fzd8,0
Rspo3_Lrp6,0
Rspo3_Lgr4,0
Rspo3_Lgr6,0
Rspo3_Sdc4,0
Rspo3_Lgr5,0
Tnc_Egfr,0
Tnc_Itgav,0
Tnc_Itgb1,0
Tnc_Itga7,0
Tnc_Itga8,0
Tnc_Tlr4,0
Tnc_Itga9,0
Tnc_Itga2,0
Tnc_Sdc4,0
Tnc_Itgb3,0
Tnc_Itgb6,0
Tgm2_Sdc4,0
Htra2_Cd40,0
Ptpn6_Cd22,0
Ptpn6_Ros1,0
St6gal1_Cd22,0
Grp_Nmbr,0
Grp_Grpr,0
Ptpn11_Ros1,0
Il19_Il20rb,0
Il19_Il20ra,0
Il24_Il20rb,0
Il24_Il22ra1,0
Il24_Il20ra,0
Ifng_Ifngr1,0
Ifng_Ifngr2,0
Tac1_Tacr1,0
Tac1_Tacr2,0
Tac1_Tacr3,0
Tac1_Grpr,0
Tac2_Tacr1,0
Tac2_Tacr2,0
Tac2_Tacr3,0
Ang_Egfr,0
Tnfsf12_Egfr,0
Tnfsf12_Tnfrsf12a,0
Tnfsf12_Tnfrsf25,0
Ereg_Egfr,0
Spink1_Egfr,0
Hsp90aa1_Egfr,0
Hsp90aa1_Fgfr3,0
Hsp90aa1_Lrp1,0
Hsp90aa1_Cftr,0
Lrig1_Egfr,0
Epgn_Egfr,0
Agtrap_Rack1,0
Dkk3_Kremen1,0
Dkk4_Lrp6,0
Dkk4_Kremen1,0
Lypd3_Agr2,0
Vwf_Lrp1,0
Vwf_Itgav,0
Vwf_Itga4,0
Vwf_Tnfrsf11b,0
Vwf_Itga2b,0
Vwf_Itga2,0
Vwf_Itgb3,0
Vwf_Gp9,0
Vwf_Stab2,0
Vwf_Gp5,0
Vwf_Gp1ba,0
Vwf_Gp1bb,0
Angptl3_Itgav,0
Angptl3_Itga5,0
Angptl3_Itgb3,0
F7_F2rl1,0
F7_F3,0
Nptx2_Nptxr,0
Nptx1_Nptxr,0
Fgb_Itga5,0
Angptl8_Gpihbp1,0
Cd6_Alcam,0
Trf_Tfrc,0
Trf_Tfr2,0
Ifnb1_Ifnar1,0
Ifnb1_Ifnar2,0
Lhb_Lhcgr,0
Pdgfd_Pdgfra,0
Pdgfd_Pdgfrb,0
Il34_Csf1r,0
Alox5ap_Alox5,0
S100a8_Tlr4,0
S100a8_Ly96,0
Sema3d_Nrp1,0
Pdyn_Oprk1,0
Cp_Slc40a1,0
Cd86_Cd28,0
Icosl_Cd28,0
Icosl_Icos,0
Il1rn_Il1rl2,0
Il1rn_Il1r1,0
Il1rn_Il1r2,0
Nms_Nmur2,0
Nms_Nmur1,0
Pdcd1lg2_Pdcd1,0
Pdcd1lg2_Pdcd2,0
Psap_Lrp1,0
Psap_Gpr37l1,0
Psap_Gpr37,0
Podxl2_Sell,0
Cfh_Itgam,0
Cfh_Sell,0
Cntn6_Notch1,0
Rbp3_Notch1,0
Ccn3_Notch1,0
Dlk2_Notch1,0
Dlk1_Notch1,0
Dlk1_Notch3,0
Dlk1_Notch2,0
Egfl7_Itgav,0
Egfl7_Notch1,0
Egfl7_Notch3,0
Egfl7_Notch2,0
Mfap2_Notch1,0
Mfap5_Notch1,0
Dspp_Itgav,0
Dspp_Itgb6,0
Fbn1_Itgav,0
Agrn_Lrp4,0
Agrn_Musk,0
Agrn_Atp1a3,0
Proc_Procr,0
Nppb_Npr3,0
Nppb_Npr1,0
Nppb_Npr2,0
Nppa_Npr3,0
Nppa_Npr1,0
Nppa_Npr2,0
Tfpi_F3,0
Gdf10_Bmpr1b,0
Gdf10_Bmpr1a,0
Gdf10_Acvr1,0
Bmp6_Acvr2b,0
Bmp6_Bmpr1b,0
Bmp6_Bmpr2,0
Bmp6_Bmpr1a,0
Bmp6_Acvr1,0
Bmp6_Hjv,0
Pltp_Abca1,0
Cck_Cckar,0
Cck_Cckbr,0
Gnrh1_Gnrhr,0
Mmp14_Flt1,0
S100a10_Trpv5,0
S100a10_Trpv6,0
Shank3_Ret,0
Sostdc1_Lrp6,0
Wnt5b_Lrp6,0
Guca2b_Gucy2c,0
Adam3_Cd9,0
Slurp1_Chrna7,0
Clec4g_Tyrobp,0
Col18a1_Gpc1,0
Col18a1_Itgb5,0
Col18a1_Gpc4,0
C1qtnf5_Mfrp,0
Slpi_Plscr4,0
Prnd_Rpsa,0
Ptma_Vipr1,0
Mst1_Mst1r,0
Ccl1_Ccr8,0
Flt3l_Flt3,0
Cxcl9_Cxcr3,0
Cxcl9_Ccr3,0
Cxcl9_Dpp4,0
Ccl28_Ackr2,0
Ccl28_Ccr3,0
Ccl28_Ccr10,0
Ctsd_Lrp1,0
Hspa1b_Lrp1,0
Gip_Dpp4,0
Gip_Gipr,0
Retn_Tlr4,0
Npb_Npbwr1,0
Npw_Npbwr1,0
Uts2b_Sstr5,0
Uts2b_Uts2r,0
Pon2_Htr2a,0
Tnfsf15_Tnfrsf25,0
Ccl27a_Ackr2,0
Ccl27a_Ccr10,0
Sema4c_Plxnb2,0
Ccl20_Cxcr3,0
Ccl20_Ccr6,0
Ccl19_Cxcr3,0
Ccl19_Ackr4,0
Ccl19_Ccr7,0
Ccl21b_Cxcr3,0
Ccl21b_Ccr7,0
Liph_Lpar1,0
Apela_Aplnr,0
Cd200_Cd200r1,0
Cd200_Cd200r2,0
Col4a3_Itgb1,0
Col4a3_Itga2,0
Col8a1_Itga2,0
Col8a1_Itga1,0
Nps_Npsr1,0
Prok1_Prokr2,0
Prok1_Prokr1,0
Insl5_Rxfp4,0
Ghrl_Ghsr,0
Ccl27b_Ccr10,0
Rtn3_Rtn4r,0
Prlh_Prlhr,0
Prl8a2_Pgr,0
Rgmb_Neo1,0
Rgma_Neo1,0
Hspg2_Itgb1,0
Hspg2_Col13a1,0
Hspg2_Ptprs,0
Ostn_Npr3,0
Hp_Itgam,0
Gh_Ghr,0
Selenop_Lrp2,0
Selenop_Lrp8,0
Tcn2_Lrp2,0
Cubn_Lrp2,0
Nrg3_Erbb3,0
Nrg3_Erbb4,0
Ncam1_Fgfr1,0
Colq_Musk,0
Alkal1_Alk,0
Thbs2_Notch3,0
Col4a6_Itgb1,0
Col4a6_Cd93,0
Col4a5_Itgb1,0
Jam2_Itgb1,0
Jam2_Itga4,0
Gng13_Kcnj6,0
Gng2_Kcnj6,0
Gng12_Kcnj6,0
Gnb4_Kcnj6,0
Camp_P2rx7,0
Sftpa1_Sirpa,0
Thpo_Mpl,0
Tctn1_Tmem67,0
Sema6b_Plxna4,0
Nrg4_Erbb4,0
Adamts3_Ccbe1,0
Cdh1_Lrp6,0
Cdh1_Lrp1,0
Cdh1_Selp,0
Cdh1_Itgb2,0
Col1a1_Itgav,0
Col1a1_Itga2,0
Col1a1_Itga1,0
Col1a1_Mag,0
Col1a1_Ddr2,0
Il16_Egfr,0
Il16_Lrp6,0
Il16_Itgb7,0
Il16_Lrp1,0
Il16_Tlr2,0
Il16_Itgav,0
Il16_Itgam,0
Il16_Erbb2,0
Il16_Itgal,0
Il16_Itgb1,0
Il16_Cd44,0
Il16_Cd93,0
Il16_Acvr2b,0
Il16_Bmpr1b,0
Il16_Acvr2a,0
Il16_Tgfbr2,0
Il16_Bmpr2,0
Il16_Bmpr1a,0
Il16_Tgfbr1,0
Il16_Lrp2,0
Il16_Gpc1,0
Il16_Cav1,0
Il16_Ret,0
Il16_Notch1,0
Il16_Acvr1,0
Il16_Nrp1,0
Il16_Nrp2,0
Il16_Dcc,0
Il16_Lrp8,0
Il16_Notch2,0
Il16_Vldlr,0
Il16_Sell,0
Il16_Itgb5,0
Il16_Plxna4,0
Il16_Itga4,0
Il16_Plxnb2,0
Il16_Itga2b,0
Il16_Itga9,0
Il16_Erbb3,0
Il16_Erbb4,0
Il16_Plxna1,0
Il16_Rtn4r,0
Il16_Musk,0
Il16_Nrxn1,0
Il16_Nrxn3,0
Il16_Selp,0
Il16_Ptgdr,0
Il16_Htr6,0
Il16_Rtn4rl2,0
Il16_Cntn1,0
Il16_Itgb2,0
Il16_Sdc4,0
Il16_Itgb3,0
Il16_Lhcgr,0
Il16_Gcgr,0
Il16_Gpc4,0
Il16_Nectin1,0
Il16_Cntnap1,0
Lamb1_Egfr,0
Lamb1_Lrp6,0
Lamb1_Itgb7,0
Lamb1_Lrp1,0
Lamb1_Tlr2,0
Lamb1_Itgav,0
Lamb1_Cd44,0
Lamb1_Cd93,0
Lamb1_Lrp2,0
Lamb1_Notch1,0
Lamb1_Notch3,0
Lamb1_Cd47,0
Lamb1_Itga7,0
Lamb1_Cd36,0
Lamb1_Lrp8,0
Lamb1_Notch2,0
Lamb1_Vldlr,0
Lamb1_Notch4,0
Lamb1_Itgb4,0
Lamb1_Tlr4,0
Lamb1_Itga5,0
Lamb1_Col13a1,0
Lamb1_Itga2b,0
Lamb1_Itga9,0
Lamb1_Itga2,0
Lamb1_Itga1,0
Lamb1_Mag,0
Lamb1_Plxna1,0
Lamb1_Flrt2,0
Lamb1_Selp,0
Lamb1_Ddr2,0
Lamb1_Itgb2,0
Lamb1_Itga3,0
Lamb1_Cd79a,0
Lamb1_Sdc4,0
Lamb1_Itgb3,0
Lamb1_Itgb6,0
Comp_Itgb1,0
Calr_Egfr,0
Calr_Ryr2,0
App_Egfr,0
App_Tlr4,0
App_Ldlr,0
App_Selp,0
App_Itgb2,0
Plg_Itgb1,0
Dll1_Itgav,0
Dll1_Itgb1,0
Dll1_Cd93,0
Lama5_Itgav,0
Lama5_Itgb1,0
Lama5_Cd93,0
Lama5_Col13a1,0
Lama5_Itga2b,0
Lama5_Itga2,0
Lama5_Itga1,0
Lama5_Mag,0
Lama5_Ptprs,0
Lnx2_Lrp6,0
Lnx2_Itgb2,0
Icam5_Itgav,0
Icam5_Itgb1,0
Icam5_Cd93,0
Sema6a_Egfr,0
Sema6a_Lrp6,0
Sema6a_Lrp1,0
Sema6a_Lrp2,0
Sema6a_Tlr4,0
Sema6a_Selp,0
Sema6a_Itgb2,0
Lama4_Egfr,0
Lama4_Lrp6,0
Lama4_Itgb7,0
Lama4_Lrp1,0
Lama4_Tlr2,0
Lama4_Itgav,0
Lama4_Itgam,0
Lama4_Itgal,0
Lama4_Cd44,0
Lama4_Lrp2,0
Lama4_Notch1,0
Lama4_Cd47,0
Lama4_Cd36,0
Lama4_Nrp1,0
Lama4_Lrp8,0
Lama4_Vldlr,0
Lama4_Sell,0
Lama4_Tlr4,0
Lama4_Itga5,0
Lama4_Itga2b,0
Lama4_Itga9,0
Lama4_Plxna1,0
Lama4_Ldlr,0
Lama4_Scarb1,0
Lama4_Flrt2,0
Lama4_Selp,0
Lama4_Itgb2,0
Lama4_Itga3,0
Lama4_Sdc4,0
Lama4_Itgb3,0
Lama4_Itgb6,0
Hsp90b1_Egfr,0
Hsp90b1_Tek,0
Hsp90b1_Ldlr,0
Hsp90b1_Scarb1,0
Hsp90b1_Selp,0
Hsp90b1_Itgb2,0
Hsp90b1_Ryr2,0
Hsp90b1_Cftr,0
Sema4d_Egfr,0
Sema4d_Lrp6,0
Sema4d_Lrp1,0
Sema4d_Lrp2,0
Sema4d_Tlr4,0
Sema4d_Selp,0
Sema4d_Itgb2,0
Thbs4_Egfr,0
Thbs4_Lrp6,0
Thbs4_Lrp1,0
Thbs4_Itgav,0
Thbs4_Itgb1,0
Thbs4_Cd93,0
Thbs4_Selp,0
Nid2_Egfr,0
Nid2_Itgav,0
Nid2_Itgb1,0
Nid2_Cd44,0
Nid2_Cd93,0
Nid2_Gpc1,0
Nid2_Notch1,0
Nid2_Notch3,0
Nid2_Notch2,0
Nid2_Notch4,0
Nid2_Itgb5,0
Nid2_Itga2b,0
Nid2_Itga9,0
Nid2_Mag,0
Nid2_Plxna1,0
Nid2_Selp,0
Nid2_Ddr2,0
Nid2_Itgb2,0
Nid2_Gpc4,0
Vcl_Lrp6,0
Vcl_Lrp1,0
Adam2_Egfr,0
Adam2_Lrp1,0
Col2a1_Itgb1,0
Col2a1_Cd44,0
Col2a1_Cd93,0
Col2a1_Ddr2,0
Pros1_Egfr,0
Pros1_Lrp6,0
Pros1_Lrp1,0
Pros1_Itgb2,0
Ntn3_Itgb1,0
Ntn3_Cd93,0
C3_Egfr,0
C3_Lrp6,0
C3_Itgb7,0
C3_Tlr2,0
C3_Itgav,0
C3_Cd44,0
C3_Lrp2,0
C3_Cd36,0
C3_Vldlr,0
C3_Tlr4,0
C3_Itga5,0
C3_Ldlr,0
C3_Scarb1,0
C3_Selp,0
Anxa1_Ryr2,0
Slit1_Egfr,0
Slit1_Lrp1,0
Slit1_Itgav,0
Slit1_Itgb1,0
Slit1_Cd44,0
Slit1_Cd93,0
Slit1_Lrp2,0
Slit1_Notch1,0
Slit1_Notch3,0
Slit1_Notch2,0
Slit1_Itga5,0
Slit1_Itga2b,0
Slit1_Selp,0
Slit1_Itgb2,0
Slit1_Itga3,0
Slit1_Itgb3,0
Sema4g_Egfr,0
Sema4g_Lrp6,0
Sema4g_Itgav,0
Sema4g_Itgb1,0
Sema4g_Cd93,0
Sema4g_Acvr2a,0
Sema4g_Notch1,0
Sema4g_Nrp1,0
Sema4g_Itgb2,0
Podxl_Prlr,0
Lamc2_Egfr,0
Lamc2_Lrp6,0
Lamc2_Lrp1,0
Lamc2_Itgav,0
Lamc2_Cd44,0
Lamc2_Cd93,0
Lamc2_Gpc1,0
Lamc2_Notch1,0
Lamc2_Notch3,0
Lamc2_Nrp1,0
Lamc2_Notch2,0
Lamc2_Notch4,0
Lamc2_Itga2b,0
Lamc2_Itgb2,0
Lamc2_Itgb3,0
Hc_Egfr,0
Hc_Lrp6,0
Hc_Itgb7,0
Hc_Lrp1,0
Hc_Tlr2,0
Hc_Itgav,0
Hc_Lrp2,0
Hc_Cd36,0
Hc_Tlr4,0
Hc_Itga5,0
Hc_Ldlr,0
Hc_Scarb1,0
Hc_Selp,0
Hc_Itgb2,0
Jag1_Lrp1,0
Jag1_Itgav,0
Jag1_Itgb1,0
Jag1_Cd44,0
Jag1_Cd93,0
Jag1_Itga2b,0
Vcam1_Lrp1,0
Egf_Lrp6,0
Egf_Itgav,0
Egf_Itgb1,0
Egf_Cd93,0
Egf_Notch1,0
Egf_Notch2,0
Egf_Itga2b,0
Egf_Itgb2,0
Egf_Itgb3,0
Adam15_Cd93,0
Sema4a_Egfr,0
Sema4a_Lrp6,0
Sema4a_Acvr2a,0
Sema4a_Itgb2,0
Tln1_Egfr,0
Tln1_Lrp6,0
Tln1_Itgb7,0
Tln1_Lrp1,0
Tln1_Tlr2,0
Tln1_Itgav,0
Tln1_Cd44,0
Tln1_Lrp2,0
Tln1_Cd36,0
Tln1_Tlr4,0
Tln1_Itga5,0
Tln1_Ldlr,0
Tln1_Scarb1,0
Tln1_Selp,0
Tln1_Itga3,0
Tln1_Itgb3,0
Tln1_Itgb6,0
Col9a2_Itgav,0
Col9a2_Itgb1,0
Col9a2_Cd44,0
Col9a2_Cd93,0
Col9a2_Itga2,0
Col9a2_Itga1,0
Col9a2_Ddr2,0
Sema3c_Egfr,0
Sema3c_Lrp6,0
Sema3c_Lrp1,0
Sema3c_Itgb2,0
Col1a2_Itgav,0
Col1a2_Itga2b,0
Col1a2_Itga1,0
Col1a2_Mag,0
Col1a2_Ddr2,0
Bmp10_Ryr2,0
F9_Ryr2,0
F8_Scarb1,0
F8_Selp,0
Col4a1_Itga2,0
Col4a1_Itga1,0
Col4a1_Mag,0
Col4a1_Ddr2,0
Col4a2_Itgav,0
Col4a2_Cd44,0
Col4a2_Itga2b,0
Col4a2_Itga2,0
Col4a2_Itga1,0
Col4a2_Mag,0
Col4a2_Ddr2,0
Lipc_Ryr2,0
Ntng2_Itgb1,0
Ntng2_Itgb2,0
Apob_Egfr,0
Apob_Tlr2,0
Apob_Itga5,0
Apob_Selp,0
Apob_Dchs1,0
Apob_Itgb3,0
Apob_Itgb6,0
Amh_Acvr2a,0
Lama1_Egfr,0
Lama1_Lrp1,0
Lama1_Itgav,0
Lama1_Cd44,0
Lama1_Cd93,0
Lama1_Lrp2,0
Lama1_Itga6,0
Lama1_Notch1,0
Lama1_Itga5,0
Lama1_Col13a1,0
Lama1_Itga2b,0
Lama1_Mag,0
Lama1_Robo2,0
Lama1_Plxna1,0
Lama1_Flrt2,0
Lama1_Selp,0
Lama1_Ddr2,0
Lama1_Itgb2,0
Lama1_Itga3,0
Lama1_Cd79a,0
Lama1_Itgb3,0
Lama1_Robo1,0
Lama1_Itgb6,0
Lama1_Gp9,0
Lama1_Stab2,0
Lama1_Gp1ba,0
Lama1_Gp1bb,0
Thbs1_Lrp6,0
Thbs1_Cd44,0
Thbs1_Cd93,0
Thbs1_Notch1,0
Thbs1_Notch3,0
Thbs1_Notch2,0
Thbs1_Itga2b,0
Thbs1_Selp,0
Grn_Itgav,0
Grn_Itgb1,0
Grn_Cd93,0
Col9a1_Itgav,0
Col9a1_Itgb1,0
Col9a1_Cd44,0
Col9a1_Cd93,0
Col9a1_Notch4,0
Col9a1_Itgb5,0
Col9a1_Itga2b,0
Col9a1_Itga2,0
Col9a1_Itga1,0
Col9a1_Ddr2,0
Nlgn2_Itgb1,0
Fn1_Egfr,0
Fn1_Lrp1,0
Fn1_Tlr2,0
Fn1_Itgav,0
Fn1_Cd93,0
Fn1_Lrp2,0
Fn1_Notch1,0
Fn1_Cd36,0
Fn1_Tlr4,0
Fn1_Ldlr,0
Fn1_Scarb1,0
Fn1_Selp,0
Fn1_Itgb3,0
Fn1_Itgb6,0
Fbln1_Itgav,0
Pcsk9_Itgb2,0
Dscam_Egfr,0
Dscam_Lrp6,0
Dscam_Itgb7,0
Dscam_Lrp1,0
Dscam_Tlr2,0
Dscam_Cd44,0
Dscam_Lrp2,0
Dscam_Cd36,0
Dscam_Vldlr,0
Dscam_Tlr4,0
Dscam_Itga5,0
Dscam_C5ar2,0
Dscam_Ldlr,0
Dscam_Scarb1,0
Dscam_Selp,0
Dscam_Itgb2,0
Dscam_Itgb3,0
Dscam_Itgb6,0
Gnai2_Ryr2,0
Fat4_Lrp1,0
Fat4_Itgav,0
Fat4_Itgb1,0
Fat4_Cd44,0
Fat4_Cd93,0
Fat4_Itga7,0
Fat4_Cd36,0
Fat4_Itgb4,0
Fat4_Itga5,0
Fat4_Col13a1,0
Fat4_Itga2b,0
Fat4_Itga2,0
Fat4_Apobr,0
Fat4_Mttp,0
Fat4_Lsr,0
Fat4_Itga3,0
Fat4_Itgb3,0
Adam10_Egfr,0
Adam10_Lrp6,0
Adam10_Itgb1,0
Adam10_Selp,0
Adam10_Itgb2,0
Adam12_Itgav,0
Adam12_Cd93,0
Adam12_Notch1,0
Adam12_Notch2,0
Adam12_Itgb2,0
Nlgn3_Lrp6,0
Nlgn3_Itgb2,0
Slit3_Egfr,0
Slit3_Lrp6,0
Slit3_Lrp1,0
Slit3_Itgav,0
Slit3_Itgal,0
Slit3_Itgb1,0
Slit3_Cd44,0
Slit3_Cd93,0
Slit3_Lrp2,0
Slit3_Notch1,0
Slit3_Notch3,0
Slit3_Nrp1,0
Slit3_Notch2,0
Slit3_Vldlr,0
Slit3_Tlr4,0
Slit3_Itga5,0
Slit3_Itga2b,0
Slit3_Selp,0
Slit3_Itgb2,0
Slit3_Itga3,0
Slit3_Itgb3,0
Slit3_Itgb6,0
Adam17_Egfr,0
Adam17_Lrp6,0
Adam17_Lrp1,0
Adam17_Tlr4,0
Adam17_Selp,0
Adam17_Itgb2,0
Dmp1_Egfr,0
Sema5a_Lrp6,0
Sema5a_Itgav,0
Sema5a_Itgb1,0
Tg_Egfr,0
Tg_Itgb7,0
Tg_Lrp1,0
Tg_Itgav,0
Tg_Itgal,0
Tg_Itgb1,0
Tg_Cd44,0
Tg_Cd93,0
Tg_Itga6,0
Tg_Notch1,0
Tg_Notch3,0
Tg_Itga7,0
Tg_Cd36,0
Tg_Nrp1,0
Tg_Lrp8,0
Tg_Vldlr,0
Tg_Itgb4,0
Tg_Itga5,0
Tg_Col13a1,0
Tg_Itga2b,0
Tg_Itga9,0
Tg_Itga2,0
Tg_Itga1,0
Tg_Mag,0
Tg_Robo2,0
Tg_Plxna1,0
Tg_Flrt2,0
Tg_Selp,0
Tg_Ddr2,0
Tg_Itgb2,0
Tg_Itga3,0
Tg_Cd79a,0
Tg_Itgb3,0
Tg_Robo1,0
Tg_Itgb6,0
Tg_Stab2,0
Tg_Gp1ba,0
Postn_Lrp1,0
Sema3e_Egfr,0
Sema3e_Lrp6,0
Sema3e_Lrp1,0
Sema3e_Selp,0
Sema3e_Itgb2,0
Jag2_Itgav,0
Jag2_Itgb1,0
Jag2_Cd44,0
Jag2_Cd93,0
Jag2_Itga2b,0
Jag2_Itga2,0
Jag2_Itga1,0
Jag2_Mag,0
Jag2_Ddr2,0
Sftpd_Itgb1,0
Sftpd_Cd93,0
Gnas_Itgav,0
Gnas_Itgb1,0
Gnas_Cd44,0
Gnas_Cd93,0
Gnas_Itgb5,0
Gnas_Mag,0
Gnas_Ddr2,0
Sema3f_Itgb1,0
Adam9_Cd93,0
Hmgb1_Lrp1,0
Hmgb1_Ryr2,0
Col4a4_Itga2,0
Col4a4_Itga1,0
Col4a4_Mag,0
Col4a4_Ddr2,0
Col3a1_Itgav,0
Col3a1_Cd44,0
Col3a1_Cd93,0
Col3a1_Itga2b,0
Col3a1_Itga2,0
Col3a1_Itga1,0
Sema3g_Itgb1,0
Lama3_Egfr,0
Lama3_Itgav,0
Lama3_Itgb1,0
Lama3_Cd44,0
Lama3_Cd93,0
Lama3_Notch1,0
Lama3_Itga7,0
Lama3_Itga5,0
Lama3_Col13a1,0
Lama3_Itga2b,0
Lama3_Itga2,0
Lama3_Itga1,0
Lama3_Mag,0
Lama3_Robo2,0
Lama3_Plxna1,0
Lama3_Dchs1,0
Lama3_Ddr2,0
Lama3_Itgb2,0
Lama3_Itga3,0
Lama3_Bcam,0
Lama3_Cd79a,0
Lama3_Itgb3,0
Lama3_Robo1,0
Lama3_Itgb6,0
Lama3_Gp9,0
Lama3_Stab2,0
Lama3_Gp5,0
Lama3_Gp1ba,0
Lama3_Gp1bb,0
Lama2_Egfr,0
Lama2_Lrp1,0
Lama2_Itgav,0
Lama2_Cd44,0
Lama2_Cd93,0
Lama2_Lrp2,0
Lama2_Notch1,0
Lama2_Cd36,0
Lama2_Tlr4,0
Lama2_Itga5,0
Lama2_Col13a1,0
Lama2_Itga2b,0
Lama2_Itga1,0
Lama2_Mag,0
Lama2_Flrt2,0
Lama2_Selp,0
Lama2_Itga3,0
Lama2_Cd79a,0
Lama2_Itgb3,0
Lama2_Itgb6,0
Lama2_Stab2,0
Psen1_Ryr2,0
Sema6d_Egfr,0
Sema6d_Lrp6,0
Sema6d_Lrp1,0
Sema6d_Lrp2,0
Sema6d_Selp,0
Sema6d_Itgb2,0
Sema3b_Itgav,0
Sema3b_Itgb1,0
Sema3b_Cd93,0
Sema3b_Acvr2a,0
Sema3b_Itgb2,0
Rtn4_Selp,0
Sema6c_Itgav,0
Sema6c_Itgb1,0
Sema6c_Cd44,0
Sema6c_Cd93,0
Sema6c_Acvr2a,0
Sema6c_Gpc1,0
Sema6c_Ret,0
Sema6c_Itgb5,0
Sema6c_Mag,0
Sema6c_Musk,0
Sema6c_Gpc4,0
Ntn1_Itgb1,0
Ntn1_Itgb2,0
Vcan_Lrp1,0
Vcan_Itgav,0
Vcan_Itgb1,0
Vcan_Lrp2,0
Vcan_Cd36,0
Vcan_Tlr4,0
Vcan_Itga5,0
Vcan_Ldlr,0
Vcan_Scarb1,0
Vcan_Apobr,0
Vcan_Mttp,0
Vcan_Lsr,0
Vcan_Itgb3,0
Vcan_Itgb6,0
Nrg2_Itgav,0
Nrg2_Itgb1,0
Nrg2_Cd93,0
Nrg2_Acvr2b,0
Nrg2_Bmpr1b,0
Nrg2_Acvr2a,0
Nrg2_Bmpr1a,0
Nrg2_Ret,0
Nrg2_Itgb2,0
Afdn_Egfr,0
Afdn_Lrp6,0
Afdn_Itgb7,0
Afdn_Lrp1,0
Afdn_Tlr2,0
Afdn_Itgav,0
Afdn_Itgam,0
Afdn_Erbb2,0
Afdn_Itgal,0
Afdn_Itgb1,0
Afdn_Cd44,0
Afdn_Lrp2,0
Afdn_Notch1,0
Afdn_Nrp1,0
Afdn_Dcc,0
Afdn_Lrp8,0
Afdn_Notch2,0
Afdn_Vldlr,0
Afdn_Sell,0
Afdn_Itga8,0
Afdn_Tlr4,0
Afdn_Plxna4,0
Afdn_Itga5,0
Afdn_Itga4,0
Afdn_Itga2b,0
Afdn_Itga9,0
Afdn_Erbb3,0
Afdn_Plxna1,0
Afdn_Selp,0
Afdn_Cntn1,0
Afdn_Itgb2,0
Afdn_Itga3,0
Afdn_Sdc4,0
Afdn_Itgb3,0
Afdn_Itgb6,0
Afdn_Robo4,0
Reln_Egfr,0
Reln_Itgb7,0
Reln_Lrp1,0
Reln_Itgav,0
Reln_Cd44,0
Reln_Cd93,0
Reln_Lrp2,0
Reln_Itga7,0
Reln_Cd36,0
Reln_Tlr4,0
Reln_Itga2,0
Reln_Mag,0
Reln_Robo2,0
Reln_Ldlr,0
Reln_Scarb1,0
Reln_Flrt2,0
Reln_Selp,0
Reln_Itgb2,0
Reln_Lsr,0
Reln_Cd79a,0
Reln_Itgb6,0
Slit2_Egfr,0
Slit2_Lrp6,0
Slit2_Lrp1,0
Slit2_Itgav,0
Slit2_Itgb1,0
Slit2_Cd44,0
Slit2_Lrp2,0
Slit2_Notch1,0
Slit2_Notch3,0
Slit2_Nrp1,0
Slit2_Notch2,0
Slit2_Vldlr,0
Slit2_Tlr4,0
Slit2_Itga5,0
Slit2_Itga2b,0
Slit2_Ldlr,0
Slit2_Selp,0
Slit2_Itgb2,0
Slit2_Itga3,0
Slit2_Itgb3,0
Slit2_Itgb6,0
Col9a3_Itgav,0
Col9a3_Itgb1,0
Col9a3_Cd44,0
Col9a3_Cd93,0
Col9a3_Itga2b,0
Col9a3_Itga2,0
Col9a3_Itga1,0
Col9a3_Ddr2,0
L1cam_Egfr,0
L1cam_Lrp6,0
L1cam_Lrp1,0
L1cam_Tlr2,0
L1cam_Lrp2,0
L1cam_Tlr4,0
L1cam_Selp,0
L1cam_Itgb2,0
Omg_Prlr,0
Gas6_Egfr,0
Gas6_Lrp6,0
Gas6_Itgb2,0
Has2_Lrp1,0
Has2_Ryr2,0
Prg4_Selp,0
Gpc3_Lrp6,0
Gpc3_Lrp1,0
Gpc3_Itgb2,0
Dll4_Itgav,0
Dll4_Itgb1,0
Dll4_Cd93,0
Dll3_Itgb1,0
Dll3_Cd93,0
Tnc_Lrp1,0
Tnc_Cd44,0
Tnc_Cd93,0
Tnc_Notch1,0
Tnc_Cd36,0
Tnc_Itga5,0
Tnc_Selp,0
Hsp90aa1_Lrp6,0
Hsp90aa1_Tlr2,0
Hsp90aa1_Tlr4,0
Hsp90aa1_Tek,0
Hsp90aa1_Ldlr,0
Hsp90aa1_Scarb1,0
Hsp90aa1_Selp,0
Hsp90aa1_Itgb2,0
Hsp90aa1_Ryr2,0
Lrig1_Lrp6,0
Lrig1_Lrp1,0
Lrig1_Lrp2,0
Lrig1_Selp,0
Lrig1_Itgb2,0
Vwf_Egfr,0
Vwf_Itgb7,0
Vwf_Itgb1,0
Vwf_Cd44,0
Vwf_Cd93,0
Vwf_Lrp2,0
Vwf_Itga6,0
Vwf_Notch1,0
Vwf_Notch3,0
Vwf_Itga7,0
Vwf_Cd36,0
Vwf_Lrp8,0
Vwf_Notch2,0
Vwf_Vldlr,0
Vwf_Itgb4,0
Vwf_Itga5,0
Vwf_Col13a1,0
Vwf_Itga9,0
Vwf_Itga1,0
Vwf_Mag,0
Vwf_Robo2,0
Vwf_Plxna1,0
Vwf_Flrt2,0
Vwf_Selp,0
Vwf_Dchs1,0
Vwf_Ddr2,0
Vwf_Itgb2,0
Vwf_Itga3,0
Vwf_Bcam,0
Vwf_Cd79a,0
Vwf_Robo1,0
Vwf_Itgb6,0
F7_Lrp6,0
F7_Itgb2,0
Trf_Egfr,0
Trf_Lrp6,0
Trf_Lrp1,0
Trf_Itgb1,0
Trf_Selp,0
Trf_Itgb2,0
Sema3d_Lrp6,0
Sema3d_Lrp1,0
Sema3d_Itgb2,0
Cp_Lrp1,0
Cp_Selp,0
Psap_Egfr,0
Psap_Lrp6,0
Psap_Itgb2,0
Cfh_Lrp1,0
Cfh_Itgav,0
Cfh_Itgb1,0
Cfh_Cd44,0
Cfh_Cd93,0
Cfh_Itga5,0
Cfh_Selp,0
Rbp3_Egfr,0
Rbp3_Lrp1,0
Rbp3_Itgav,0
Rbp3_Itgal,0
Rbp3_Lrp2,0
Rbp3_Selp,0
Rbp3_Itgb2,0
Dspp_Egfr,0
Dspp_Lrp6,0
Dspp_Itgb7,0
Dspp_Lrp1,0
Dspp_Tlr2,0
Dspp_Itgb1,0
Dspp_Cd44,0
Dspp_Cd93,0
Dspp_Lrp2,0
Dspp_Notch1,0
Dspp_Cd36,0
Dspp_Lrp8,0
Dspp_Vldlr,0
Dspp_Sell,0
Dspp_Tlr4,0
Dspp_Itga5,0
Dspp_Itga2b,0
Dspp_Rtn4r,0
Dspp_Ldlr,0
Dspp_Scarb1,0
Dspp_Flrt2,0
Dspp_Selp,0
Dspp_Itgb2,0
Dspp_Itga3,0
Dspp_Cd79a,0
Dspp_Itgb3,0
Fbn1_Itgb1,0
Fbn1_Cd44,0
Fbn1_Cd93,0
Fbn1_Itga2b,0
Fbn1_Itga2,0
Fbn1_Itga1,0
Fbn1_Mag,0
Agrn_Itgav,0
Agrn_Itgb1,0
Agrn_Cd44,0
Agrn_Cd93,0
Agrn_Gpc1,0
Agrn_Notch1,0
Agrn_Notch3,0
Agrn_Notch4,0
Agrn_Itgb5,0
Agrn_Col13a1,0
Agrn_Itga2b,0
Agrn_Itga2,0
Agrn_Itga1,0
Agrn_Mag,0
Agrn_Ddr2,0
Shank3_Itgav,0
Shank3_Itgb1,0
Shank3_Cd44,0
Shank3_Cd93,0
Shank3_Acvr2a,0
Shank3_Gpc1,0
Shank3_Notch1,0
Shank3_Notch3,0
Shank3_Lrp4,0
Shank3_Notch2,0
Shank3_Notch4,0
Shank3_Itgb5,0
Shank3_Col13a1,0
Shank3_Itga2b,0
Shank3_Itga9,0
Shank3_Itga2,0
Shank3_Itga1,0
Shank3_Mag,0
Shank3_Plxna1,0
Shank3_Musk,0
Shank3_Ddr2,0
Shank3_Itgb2,0
Shank3_Gpc4,0
Shank3_Atp1a3,0
Adam3_Egfr,0
Adam3_Lrp6,0
Adam3_Lrp1,0
Adam3_Itgb1,0
Adam3_Tlr4,0
Adam3_Selp,0
Adam3_Itgb2,0
Col18a1_Itgav,0
Col18a1_Itgb1,0
Col18a1_Cd44,0
Col18a1_Cd93,0
Col18a1_Notch1,0
Col18a1_Col13a1,0
Col18a1_Itga2b,0
Col18a1_Itga2,0
Col18a1_Itga1,0
Col18a1_Mag,0
Col18a1_Ddr2,0
Mst1_Itgb1,0
Sema4c_Lrp6,0
Sema4c_Itgb2,0
Col4a3_Cd93,0
Col4a3_Itga1,0
Col4a3_Mag,0
Col4a3_Ddr2,0
Col8a1_Itgb1,0
Col8a1_Cd93,0
Col8a1_Mag,0
Col8a1_Ddr2,0
Rtn3_Lrp1,0
Rtn3_Selp,0
Hspg2_Itgav,0
Hspg2_Cd44,0
Hspg2_Cd93,0
Hspg2_Itga7,0
Hspg2_Itgb4,0
Hspg2_Itga2b,0
Hspg2_Itga2,0
Hspg2_Itga1,0
Hspg2_Mag,0
Hspg2_Bcam,0
Cubn_Lrp1,0
Cubn_Itgav,0
Cubn_Itgb1,0
Cubn_Cd44,0
Cubn_Cd93,0
Cubn_Cd36,0
Cubn_Itga5,0
Cubn_Itga2b,0
Cubn_Itga2,0
Cubn_Mag,0
Cubn_Ldlr,0
Cubn_Flrt2,0
Cubn_Selp,0
Cubn_Itga3,0
Cubn_Cd79a,0
Cubn_Itgb3,0
Cubn_Itgb6,0
Colq_Itgb1,0
Colq_Cd93,0
Thbs2_Egfr,0
Thbs2_Lrp6,0
Thbs2_Lrp1,0
Thbs2_Itgav,0
Thbs2_Itgb1,0
Thbs2_Cd44,0
Thbs2_Cd93,0
Thbs2_Lrp2,0
Thbs2_Notch1,0
Thbs2_Cd47,0
Thbs2_Notch2,0
Thbs2_Tlr4,0
Thbs2_Itga5,0
Thbs2_Itga2b,0
Thbs2_Selp,0
Thbs2_Itga3,0
Thbs2_Itgb3,0
Col4a6_Itgav,0
Col4a6_Cd44,0
Col4a6_Itga2b,0
Col4a6_Itga2,0
Col4a6_Itga1,0
Col4a6_Mag,0
Col4a6_Ddr2,0
Col4a5_Cd93,0
Col4a5_Itga2,0
Col4a5_Itga1,0
Col4a5_Mag,0
Col4a5_Ddr2,0
Sema6b_Itgav,0
Sema6b_Itgb1,0
Sema6b_Cd93,0
Sema6b_Acvr2a,0
Sema6b_Ret,0
Sema6b_Itgb5,0
Adamts3_Egfr,0
Adamts3_Lrp6,0
Adamts3_Lrp1,0
Adamts3_Itgav,0
Adamts3_Itgb1,0
Adamts3_Cd44,0
Adamts3_Cd93,0
Adamts3_Notch1,0
Adamts3_Nrp1,0
Adamts3_Notch2,0
Adamts3_Itga2b,0
Adamts3_Selp,0
Adamts3_Itgb2,0
Adamts3_Sdc4,0
Adamts3_Itgb3,0
