Ligand_symbol,Receptor_symbol,interaction_name_2,interaction_name
HEBP1,GRM7,HEBP1 - GRM7,HEBP1_GRM7
DCN,EGFR,DCN - EGFR,DCN_EGFR
DCN,ERBB4,DCN - ERBB4,DCN_ERBB4
GRN,TNFRSF1A,GRN - TNFRSF1A,GRN_TNFRSF1A
GRN,SORT1,GRN - SORT1,GRN_SORT1
GRN,TNFRSF1B,GRN - TNFRSF1B,GRN_TNFRSF1B
GRN,CLEC4M,GRN - CLEC4M,GRN_CLEC4M
GRN,EGFR,GRN - EGFR,GRN_EGFR
UTS2,UTS2R,UTS2 - UTS2R,UTS2_UTS2R
ICAM3,CLEC4M,ICAM3 - CLEC4M,ICAM3_CLEC4M
ICAM3,ITGB2,ICAM3 - ITGB2,ICAM3_ITGB2
ICAM3,CD209,ICAM3 - CD209,ICAM3_CD209
ICAM3,ITGAD,ICAM3 - ITGAD,ICAM3_ITGAD
CEACAM1,CD209,CEACAM1 - CD209,CEACAM1_CD209
CEACAM1,SELE,CEACAM1 - SELE,CEACAM1_SELE
CEACAM1,EGFR,CEACAM1 - EGFR,CEACAM1_EGFR
FGF4,FGFR2,FGF4 - FGFR2,FGF4_FGFR2
FGF4,FGFR3,FGF4 - FGFR3,FGF4_FGFR3
NTN1,UNC5D,NTN1 - UNC5D,NTN1_UNC5D
NTN1,DCC,NTN1 - DCC,NTN1_DCC
NTN1,UNC5A,NTN1 - UNC5A,NTN1_UNC5A
NTN1,ADORA2B,NTN1 - ADORA2B,NTN1_ADORA2B
NTN1,UNC5C,NTN1 - UNC5C,NTN1_UNC5C
NTN1,NEO1,NTN1 - NEO1,NTN1_NEO1
FGF20,FGFR3,FGF20 - FGFR3,FGF20_FGFR3
FGF20,FGFR2,FGF20 - FGFR2,FGF20_FGFR2
DLL3,NOTCH2,DLL3 - NOTCH2,DLL3_NOTCH2
DLL3,NOTCH3,DLL3 - NOTCH3,DLL3_NOTCH3
VCL,ITGB5,VCL - ITGB5,VCL_ITGB5
EFNA2,EPHA7,EFNA2 - EPHA7,EFNA2_EPHA7
EFNA2,EPHA10,EFNA2 - EPHA10,EFNA2_EPHA10
EFNA2,EPHA3,EFNA2 - EPHA3,EFNA2_EPHA3
EFNA2,EPHA6,EFNA2 - EPHA6,EFNA2_EPHA6
EFNA2,EPHA4,EFNA2 - EPHA4,EFNA2_EPHA4
EFNA2,EPHA2,EFNA2 - EPHA2,EFNA2_EPHA2
MADCAM1,ITGA4,MADCAM1 - ITGA4,MADCAM1_ITGA4
MADCAM1,ITGB7,MADCAM1 - ITGB7,MADCAM1_ITGB7
TCN2,CNR1,TCN2 - CNR1,TCN2_CNR1
LGALS1,PTPRC,LGALS1 - PTPRC,LGALS1_PTPRC
NID2,COL13A1,NID2 - COL13A1,NID2_COL13A1
RSPO4,LGR4,RSPO4 - LGR4,RSPO4_LGR4
RSPO4,LGR5,RSPO4 - LGR5,RSPO4_LGR5
OXT,AVPR1A,OXT - AVPR1A,OXT_AVPR1A
OXT,OXTR,OXT - OXTR,OXT_OXTR
TIMP1,FGFR2,TIMP1 - FGFR2,TIMP1_FGFR2
MMP2,PECAM1,MMP2 - PECAM1,MMP2_PECAM1
MMP2,SDC2,MMP2 - SDC2,MMP2_SDC2
CCL17,CCR4,CCL17 - CCR4,CCL17_CCR4
CCL17,CCR8,CCL17 - CCR8,CCL17_CCR8
DKK4,LRP6,DKK4 - LRP6,DKK4_LRP6
LHB,LHCGR,LHB - LHCGR,LHB_LHCGR
LHB,VIPR1,LHB - VIPR1,LHB_VIPR1
LHB,ADCYAP1R1,LHB - ADCYAP1R1,LHB_ADCYAP1R1
LHB,GPR84,LHB - GPR84,LHB_GPR84
LHB,ADRB3,LHB - ADRB3,LHB_ADRB3
AMH,EGFR,AMH - EGFR,AMH_EGFR
AMH,ACVR1,AMH - ACVR1,AMH_ACVR1
AMH,AMHR2,AMH - AMHR2,AMH_AMHR2
COMP,CD36,COMP - CD36,COMP_CD36
COMP,ITGB3,COMP - ITGB3,COMP_ITGB3
LAMB1,ITGA7,LAMB1 - ITGA7,LAMB1_ITGA7
LAMB1,ITGA2,LAMB1 - ITGA2,LAMB1_ITGA2
LAMB1,ITGA3,LAMB1 - ITGA3,LAMB1_ITGA3
WNT16,FZD6,WNT16 - FZD6,WNT16_FZD6
PDAP1,PDGFRB,PDAP1 - PDGFRB,PDAP1_PDGFRB
C5,GRM7,C5 - GRM7,C5_GRM7
C5,C5AR2,C5 - C5AR2,C5_C5AR2
C5,C5AR1,C5 - C5AR1,C5_C5AR1
WNT3,RYK,WNT3 - RYK,WNT3_RYK
WNT3,ROR2,WNT3 - ROR2,WNT3_ROR2
WNT3,FZD5,WNT3 - FZD5,WNT3_FZD5
WNT3,LRP6,WNT3 - LRP6,WNT3_LRP6
CCL2,CCR4,CCL2 - CCR4,CCL2_CCR4
CCL2,CCR1,CCL2 - CCR1,CCL2_CCR1
CCL2,CCR10,CCL2 - CCR10,CCL2_CCR10
CCL2,CCR3,CCL2 - CCR3,CCL2_CCR3
COL1A1,CD93,COL1A1 - CD93,COL1A1_CD93
COL1A1,DDR2,COL1A1 - DDR2,COL1A1_DDR2
COL1A1,ITGA11,COL1A1 - ITGA11,COL1A1_ITGA11
COL1A1,ITGA2,COL1A1 - ITGA2,COL1A1_ITGA2
COL1A1,CD36,COL1A1 - CD36,COL1A1_CD36
COL1A1,DDR1,COL1A1 - DDR1,COL1A1_DDR1
EFNB3,RHBDL2,EFNB3 - RHBDL2,EFNB3_RHBDL2
EFNB3,EPHA4,EFNB3 - EPHA4,EFNB3_EPHA4
EFNB3,EPHB2,EFNB3 - EPHB2,EFNB3_EPHB2
EFNB3,EPHB6,EFNB3 - EPHB6,EFNB3_EPHB6
VTN,ITGB5,VTN - ITGB5,VTN_ITGB5
VTN,ITGA8,VTN - ITGA8,VTN_ITGA8
VTN,CD47,VTN - CD47,VTN_CD47
VTN,KDR,VTN - KDR,VTN_KDR
VTN,ITGA2B,VTN - ITGA2B,VTN_ITGA2B
VTN,TNFRSF11B,VTN - TNFRSF11B,VTN_TNFRSF11B
VTN,ITGB8,VTN - ITGB8,VTN_ITGB8
VTN,ITGB6,VTN - ITGB6,VTN_ITGB6
VTN,ITGB3,VTN - ITGB3,VTN_ITGB3
VTN,ITGA3,VTN - ITGA3,VTN_ITGA3
CXCL6,CXCR2,CXCL6 - CXCR2,CXCL6_CXCR2
CXCL6,GRM7,CXCL6 - GRM7,CXCL6_GRM7
IL2,IL2RG,IL2 - IL2RG,IL2_IL2RG
IL2,CD53,IL2 - CD53,IL2_CD53
APOC3,LDLR,APOC3 - LDLR,APOC3_LDLR
APOC3,SDC2,APOC3 - SDC2,APOC3_SDC2
APOC3,LRP1,APOC3 - LRP1,APOC3_LRP1
KITLG,KIT,KITLG - KIT,KITLG_KIT
CLEC2B,KLRF1,CLEC2B - KLRF1,CLEC2B_KLRF1
IL23A,IL12RB1,IL23A - IL12RB1,IL23A_IL12RB1
IL23A,IL12RB2,IL23A - IL12RB2,IL23A_IL12RB2
FGF6,FGFR2,FGF6 - FGFR2,FGF6_FGFR2
FGF6,FGFR3,FGF6 - FGFR3,FGF6_FGFR3
IL26,IL10RB,IL26 - IL10RB,IL26_IL10RB
IL26,IL20RA,IL26 - IL20RA,IL26_IL20RA
IFNG,IFNGR2,IFNG - IFNGR2,IFNG_IFNGR2
IFNG,IFNGR1,IFNG - IFNGR1,IFNG_IFNGR1
GNB3,GABBR2,GNB3 - GABBR2,GNB3_GABBR2
ULBP1,KLRK1,ULBP1 - KLRK1,ULBP1_KLRK1
LAMA4,ITGA3,LAMA4 - ITGA3,LAMA4_ITGA3
HBEGF,CD82,HBEGF - CD82,HBEGF_CD82
HBEGF,ERBB2,HBEGF - ERBB2,HBEGF_ERBB2
HBEGF,EGFR,HBEGF - EGFR,HBEGF_EGFR
HBEGF,ERBB4,HBEGF - ERBB4,HBEGF_ERBB4
HBEGF,CD9,HBEGF - CD9,HBEGF_CD9
LTF,LRP1,LTF - LRP1,LTF_LRP1
TFPI,LRP1,TFPI - LRP1,TFPI_LRP1
TFPI,F3,TFPI - F3,TFPI_F3
WNT6,FZD4,WNT6 - FZD4,WNT6_FZD4
ANGPTL1,TEK,ANGPTL1 - TEK,ANGPTL1_TEK
TGFB3,ITGB6,TGFB3 - ITGB6,TGFB3_ITGB6
TGFB3,ITGB3,TGFB3 - ITGB3,TGFB3_ITGB3
TGFB3,TGFBR2,TGFB3 - TGFBR2,TGFB3_TGFBR2
TGFB3,ITGB5,TGFB3 - ITGB5,TGFB3_ITGB5
IFNA7,IFNAR2,IFNA7 - IFNAR2,IFNA7_IFNAR2
IFNA7,IFNAR1,IFNA7 - IFNAR1,IFNA7_IFNAR1
IAPP,RAMP1,IAPP - RAMP1,IAPP_RAMP1
IAPP,CALCR,IAPP - CALCR,IAPP_CALCR
IAPP,GPR84,IAPP - GPR84,IAPP_GPR84
IAPP,ADRB3,IAPP - ADRB3,IAPP_ADRB3
IAPP,ADCYAP1R1,IAPP - ADCYAP1R1,IAPP_ADCYAP1R1
IAPP,VIPR1,IAPP - VIPR1,IAPP_VIPR1
TNFSF10,TNFRSF11B,TNFSF10 - TNFRSF11B,TNFSF10_TNFRSF11B
TNFSF10,TNFRSF10B,TNFSF10 - TNFRSF10B,TNFSF10_TNFRSF10B
TNFSF10,TNFRSF10D,TNFSF10 - TNFRSF10D,TNFSF10_TNFRSF10D
TNFSF10,RIPK1,TNFSF10 - RIPK1,TNFSF10_RIPK1
EREG,ERBB3,EREG - ERBB3,EREG_ERBB3
EREG,ERBB4,EREG - ERBB4,EREG_ERBB4
EREG,EGFR,EREG - EGFR,EREG_EGFR
EREG,ERBB2,EREG - ERBB2,EREG_ERBB2
EFNB2,EPHB2,EFNB2 - EPHB2,EFNB2_EPHB2
EFNB2,EPHA4,EFNB2 - EPHA4,EFNB2_EPHA4
EFNB2,EPHA6,EFNB2 - EPHA6,EFNB2_EPHA6
EFNB2,EPHA3,EFNB2 - EPHA3,EFNB2_EPHA3
EFNB2,EPHB6,EFNB2 - EPHB6,EFNB2_EPHB6
EFNB2,PECAM1,EFNB2 - PECAM1,EFNB2_PECAM1
EFNB2,RHBDL2,EFNB2 - RHBDL2,EFNB2_RHBDL2
EFNB2,GRM1,EFNB2 - GRM1,EFNB2_GRM1
BMP4,BMPR1A,BMP4 - BMPR1A,BMP4_BMPR1A
BMP4,LRP6,BMP4 - LRP6,BMP4_LRP6
PSPN,GFRA3,PSPN - GFRA3,PSPN_GFRA3
PSPN,SDC3,PSPN - SDC3,PSPN_SDC3
PSPN,GFRA4,PSPN - GFRA4,PSPN_GFRA4
TNFSF9,TNFRSF9,TNFSF9 - TNFRSF9,TNFSF9_TNFRSF9
C3,CD46,C3 - CD46,C3_CD46
C3,ITGAX,C3 - ITGAX,C3_ITGAX
C3,CR1,C3 - CR1,C3_CR1
C3,ITGAM,C3 - ITGAM,C3_ITGAM
C3,C5AR2,C3 - C5AR2,C3_C5AR2
C3,LRP1,C3 - LRP1,C3_LRP1
C3,GRM7,C3 - GRM7,C3_GRM7
C3,ITGB2,C3 - ITGB2,C3_ITGB2
VASP,CXCR2,VASP - CXCR2,VASP_CXCR2
DLL4,NOTCH3,DLL4 - NOTCH3,DLL4_NOTCH3
DLL4,NOTCH2,DLL4 - NOTCH2,DLL4_NOTCH2
TPH1,HTR7,TPH1 - HTR7,TPH1_HTR7
TPH1,HTR1A,TPH1 - HTR1A,TPH1_HTR1A
TPH1,HTR1D,TPH1 - HTR1D,TPH1_HTR1D
TPH1,HTR2C,TPH1 - HTR2C,TPH1_HTR2C
TPH1,HTR2B,TPH1 - HTR2B,TPH1_HTR2B
TPH1,HTR4,TPH1 - HTR4,TPH1_HTR4
TPH1,HTR6,TPH1 - HTR6,TPH1_HTR6
APOE,SORL1,APOE - SORL1,APOE_SORL1
APOE,SCARB1,APOE - SCARB1,APOE_SCARB1
APOE,LRP4,APOE - LRP4,APOE_LRP4
APOE,LDLR,APOE - LDLR,APOE_LDLR
APOE,LRP8,APOE - LRP8,APOE_LRP8
APOE,LRP6,APOE - LRP6,APOE_LRP6
APOE,SDC2,APOE - SDC2,APOE_SDC2
APOE,LRP1,APOE - LRP1,APOE_LRP1
NCAN,SDC3,NCAN - SDC3,NCAN_SDC3
BST2,LILRA4,BST2 - LILRA4,BST2_LILRA4
F12,CD93,F12 - CD93,F12_CD93
F12,GP1BA,F12 - GP1BA,F12_GP1BA
CRP,CR1,CRP - CR1,CRP_CR1
TSHB,VIPR1,TSHB - VIPR1,TSHB_VIPR1
TSHB,ADCYAP1R1,TSHB - ADCYAP1R1,TSHB_ADCYAP1R1
TSHB,GPR84,TSHB - GPR84,TSHB_GPR84
TSHB,ADRB3,TSHB - ADRB3,TSHB_ADRB3
DSC1,DSG3,DSC1 - DSG3,DSC1_DSG3
LACRT,SDC1,LACRT - SDC1,LACRT_SDC1
GDF11,BMPR1A,GDF11 - BMPR1A,GDF11_BMPR1A
GDF11,ACVR1B,GDF11 - ACVR1B,GDF11_ACVR1B
GDF11,ACVR2B,GDF11 - ACVR2B,GDF11_ACVR2B
IL1RN,IL1R1,IL1RN - IL1R1,IL1RN_IL1R1
IL36A,IL36RN,IL36A - IL36RN,IL36A_IL36RN
CCL21,GRM7,CCL21 - GRM7,CCL21_GRM7
CCL21,CCR7,CCL21 - CCR7,CCL21_CCR7
MMP7,CD151,MMP7 - CD151,MMP7_CD151
MMP7,SDC1,MMP7 - SDC1,MMP7_SDC1
MMP7,ERBB4,MMP7 - ERBB4,MMP7_ERBB4
THBS1,ITGA4,THBS1 - ITGA4,THBS1_ITGA4
THBS1,LRP1,THBS1 - LRP1,THBS1_LRP1
THBS1,SDC1,THBS1 - SDC1,THBS1_SDC1
THBS1,ITGB3,THBS1 - ITGB3,THBS1_ITGB3
THBS1,CD36,THBS1 - CD36,THBS1_CD36
THBS1,SCARB1,THBS1 - SCARB1,THBS1_SCARB1
THBS1,ITGA2B,THBS1 - ITGA2B,THBS1_ITGA2B
THBS1,TNFRSF11B,THBS1 - TNFRSF11B,THBS1_TNFRSF11B
THBS1,CD47,THBS1 - CD47,THBS1_CD47
THBS1,ITGA3,THBS1 - ITGA3,THBS1_ITGA3
MSTN,ACVR2B,MSTN - ACVR2B,MSTN_ACVR2B
VWF,LRP1,VWF - LRP1,VWF_LRP1
VWF,ITGB3,VWF - ITGB3,VWF_ITGB3
VWF,GP1BA,VWF - GP1BA,VWF_GP1BA
VWF,ITGA2B,VWF - ITGA2B,VWF_ITGA2B
VWF,TNFRSF11B,VWF - TNFRSF11B,VWF_TNFRSF11B
VWF,SELP,VWF - SELP,VWF_SELP
VWF,SCARA5,VWF - SCARA5,VWF_SCARA5
VWF,STAB2,VWF - STAB2,VWF_STAB2
VWF,SIRPA,VWF - SIRPA,VWF_SIRPA
CDH1,KLRG1,CDH1 - KLRG1,CDH1_KLRG1
CDH1,ITGAE,CDH1 - ITGAE,CDH1_ITGAE
CDH1,PTPRM,CDH1 - PTPRM,CDH1_PTPRM
CDH1,ERBB3,CDH1 - ERBB3,CDH1_ERBB3
CDH1,ITGB7,CDH1 - ITGB7,CDH1_ITGB7
CDH1,EGFR,CDH1 - EGFR,CDH1_EGFR
TIMP2,ITGA3,TIMP2 - ITGA3,TIMP2_ITGA3
IL1A,IL1R1,IL1A - IL1R1,IL1A_IL1R1
IL1B,IL1R1,IL1B - IL1R1,IL1B_IL1R1
IL1B,SIGIRR,IL1B - SIGIRR,IL1B_SIGIRR
IL7,IL7R,IL7 - IL7R,IL7_IL7R
IL7,IL2RG,IL7 - IL2RG,IL7_IL2RG
CKLF,CCR4,CKLF - CCR4,CKLF_CCR4
CKLF,LRP6,CKLF - LRP6,CKLF_LRP6
FARP2,PLXNA1,FARP2 - PLXNA1,FARP2_PLXNA1
FARP2,PLXNA3,FARP2 - PLXNA3,FARP2_PLXNA3
LAMC2,CD151,LAMC2 - CD151,LAMC2_CD151
LAMC2,ITGA2,LAMC2 - ITGA2,LAMC2_ITGA2
LAMC2,COL17A1,LAMC2 - COL17A1,LAMC2_COL17A1
LAMC2,ITGA3,LAMC2 - ITGA3,LAMC2_ITGA3
NID1,ITGA3,NID1 - ITGA3,NID1_ITGA3
NID1,ITGB3,NID1 - ITGB3,NID1_ITGB3
NID1,COL13A1,NID1 - COL13A1,NID1_COL13A1
NMU,GRM7,NMU - GRM7,NMU_GRM7
NMU,NMUR1,NMU - NMUR1,NMU_NMUR1
NMU,NMUR2,NMU - NMUR2,NMU_NMUR2
FGF2,SDC3,FGF2 - SDC3,FGF2_SDC3
FGF2,SDC2,FGF2 - SDC2,FGF2_SDC2
FGF2,SDC1,FGF2 - SDC1,FGF2_SDC1
FGF2,FGFR3,FGF2 - FGFR3,FGF2_FGFR3
FGF2,FGFR2,FGF2 - FGFR2,FGF2_FGFR2
FGF2,GPC4,FGF2 - GPC4,FGF2_GPC4
FGF10,FGFR2,FGF10 - FGFR2,FGF10_FGFR2
OLFM2,ROBO2,OLFM2 - ROBO2,OLFM2_ROBO2
F13A1,ITGA9,F13A1 - ITGA9,F13A1_ITGA9
F13A1,ITGA4,F13A1 - ITGA4,F13A1_ITGA4
KNG1,ITGAM,KNG1 - ITGAM,KNG1_ITGAM
KNG1,SDC2,KNG1 - SDC2,KNG1_SDC2
KNG1,CD93,KNG1 - CD93,KNG1_CD93
KNG1,GP1BA,KNG1 - GP1BA,KNG1_GP1BA
KNG1,GRM7,KNG1 - GRM7,KNG1_GRM7
KNG1,ITGB2,KNG1 - ITGB2,KNG1_ITGB2
KNG1,BDKRB1,KNG1 - BDKRB1,KNG1_BDKRB1
KNG1,RXFP4,KNG1 - RXFP4,KNG1_RXFP4
EGF,FSHR,EGF - FSHR,EGF_FSHR
EGF,AXL,EGF - AXL,EGF_AXL
EGF,EGFR,EGF - EGFR,EGF_EGFR
EGF,ERBB4,EGF - ERBB4,EGF_ERBB4
EGF,ERBB2,EGF - ERBB2,EGF_ERBB2
EGF,RHBDL2,EGF - RHBDL2,EGF_RHBDL2
EGF,LDLR,EGF - LDLR,EGF_LDLR
EGF,ERBB3,EGF - ERBB3,EGF_ERBB3
WNT2,FZD4,WNT2 - FZD4,WNT2_FZD4
WNT2,FZD2,WNT2 - FZD2,WNT2_FZD2
WNT2,LRP6,WNT2 - LRP6,WNT2_LRP6
WNT2,FZD5,WNT2 - FZD5,WNT2_FZD5
WNT2,FZD3,WNT2 - FZD3,WNT2_FZD3
WNT2,FZD9,WNT2 - FZD9,WNT2_FZD9
NPTX2,NPTXR,NPTX2 - NPTXR,NPTX2_NPTXR
GAL,GALR1,GAL - GALR1,GAL_GALR1
GAL,GRM7,GAL - GRM7,GAL_GRM7
ADAM2,ITGB7,ADAM2 - ITGB7,ADAM2_ITGB7
ADAM2,CD9,ADAM2 - CD9,ADAM2_CD9
ADAM2,ITGA9,ADAM2 - ITGA9,ADAM2_ITGA9
ADAM28,ITGA4,ADAM28 - ITGA4,ADAM28_ITGA4
INHBE,ACVR2B,INHBE - ACVR2B,INHBE_ACVR2B
DHH,PTCH1,DHH - PTCH1,DHH_PTCH1
DHH,BOC,DHH - BOC,DHH_BOC
DHH,CDON,DHH - CDON,DHH_CDON
DHH,PTCH2,DHH - PTCH2,DHH_PTCH2
NPFF,NPFFR1,NPFF - NPFFR1,NPFF_NPFFR1
NPFF,NPFFR2,NPFF - NPFFR2,NPFF_NPFFR2
FGF7,FGFR2,FGF7 - FGFR2,FGF7_FGFR2
FGF7,FGFR3,FGF7 - FGFR3,FGF7_FGFR3
MFGE8,PDGFRB,MFGE8 - PDGFRB,MFGE8_PDGFRB
MFGE8,ITGB3,MFGE8 - ITGB3,MFGE8_ITGB3
CGN,F11R,CGN - F11R,CGN_F11R
CGN,TGFBR2,CGN - TGFBR2,CGN_TGFBR2
REN,ATP6AP2,REN - ATP6AP2,REN_ATP6AP2
GDF7,BMPR1A,GDF7 - BMPR1A,GDF7_BMPR1A
CALM2,SELL,CALM2 - SELL,CALM2_SELL
CALM2,EGFR,CALM2 - EGFR,CALM2_EGFR
CALM2,GRM7,CALM2 - GRM7,CALM2_GRM7
CALM2,TRPC5,CALM2 - TRPC5,CALM2_TRPC5
CALM2,CACNA1C,CALM2 - CACNA1C,CALM2_CACNA1C
CALM2,KCNQ3,CALM2 - KCNQ3,CALM2_KCNQ3
CALM2,MYLK,CALM2 - MYLK,CALM2_MYLK
CALM2,PDE1A,CALM2 - PDE1A,CALM2_PDE1A
CALM2,PDE1C,CALM2 - PDE1C,CALM2_PDE1C
CALM2,GP6,CALM2 - GP6,CALM2_GP6
CALM2,AQP6,CALM2 - AQP6,CALM2_AQP6
CALM2,SCN10A,CALM2 - SCN10A,CALM2_SCN10A
CALM2,AQP1,CALM2 - AQP1,CALM2_AQP1
CALM2,SCN4A,CALM2 - SCN4A,CALM2_SCN4A
NXPH2,NRXN1,NXPH2 - NRXN1,NXPH2_NRXN1
UCN2,IL10RB,UCN2 - IL10RB,UCN2_IL10RB
UCN2,CRHR2,UCN2 - CRHR2,UCN2_CRHR2
UCN2,CRHR1,UCN2 - CRHR1,UCN2_CRHR1
SFRP2,FZD5,SFRP2 - FZD5,SFRP2_FZD5
IL9,IL2RG,IL9 - IL2RG,IL9_IL2RG
IL9,IL9R,IL9 - IL9R,IL9_IL9R
FGF18,FGFR3,FGF18 - FGFR3,FGF18_FGFR3
FGF18,FGFR2,FGF18 - FGFR2,FGF18_FGFR2
LIN7C,HTR2C,LIN7C - HTR2C,LIN7C_HTR2C
LIN7C,KCNJ4,LIN7C - KCNJ4,LIN7C_KCNJ4
SERPING1,SELP,SERPING1 - SELP,SERPING1_SELP
SERPING1,SELE,SERPING1 - SELE,SERPING1_SELE
GPHA2,EPHA6,GPHA2 - EPHA6,GPHA2_EPHA6
IL18,IL18R1,IL18 - IL18R1,IL18_IL18R1
IL18,IL18BP,IL18 - IL18BP,IL18_IL18BP
IL18,IL18RAP,IL18 - IL18RAP,IL18_IL18RAP
PTH,LRP6,PTH - LRP6,PTH_LRP6
PTH,ADRB3,PTH - ADRB3,PTH_ADRB3
PTH,GPR84,PTH - GPR84,PTH_GPR84
PTH,ADCYAP1R1,PTH - ADCYAP1R1,PTH_ADCYAP1R1
PTH,VIPR1,PTH - VIPR1,PTH_VIPR1
BMP3,ACVR2B,BMP3 - ACVR2B,BMP3_ACVR2B
BMP3,BMPR1A,BMP3 - BMPR1A,BMP3_BMPR1A
WNT3A,LGR5,WNT3A - LGR5,WNT3A_LGR5
WNT3A,LRP1,WNT3A - LRP1,WNT3A_LRP1
WNT3A,LRP6,WNT3A - LRP6,WNT3A_LRP6
WNT3A,FZD6,WNT3A - FZD6,WNT3A_FZD6
WNT3A,FZD2,WNT3A - FZD2,WNT3A_FZD2
WNT3A,FZD5,WNT3A - FZD5,WNT3A_FZD5
WNT3A,RYK,WNT3A - RYK,WNT3A_RYK
WNT3A,ATP6AP2,WNT3A - ATP6AP2,WNT3A_ATP6AP2
WNT3A,FZD3,WNT3A - FZD3,WNT3A_FZD3
APP,FPR2,APP - FPR2,APP_FPR2
APP,RPSA,APP - RPSA,APP_RPSA
APP,TNFRSF21,APP - TNFRSF21,APP_TNFRSF21
APP,AGER,APP - AGER,APP_AGER
APP,PTGER2,APP - PTGER2,APP_PTGER2
APP,APLP2,APP - APLP2,APP_APLP2
APP,LRP6,APP - LRP6,APP_LRP6
APP,SORL1,APP - SORL1,APP_SORL1
APP,LRP1,APP - LRP1,APP_LRP1
APP,NOTCH2,APP - NOTCH2,APP_NOTCH2
APP,GRM7,APP - GRM7,APP_GRM7
APP,DCC,APP - DCC,APP_DCC
WNT7A,LDLR,WNT7A - LDLR,WNT7A_LDLR
WNT7A,LRP6,WNT7A - LRP6,WNT7A_LRP6
WNT7A,FZD5,WNT7A - FZD5,WNT7A_FZD5
WNT7A,FZD10,WNT7A - FZD10,WNT7A_FZD10
WNT7A,FZD9,WNT7A - FZD9,WNT7A_FZD9
DKK2,LRP6,DKK2 - LRP6,DKK2_LRP6
WIF1,RYK,WIF1 - RYK,WIF1_RYK
CXCL13,CXCR5,CXCL13 - CXCR5,CXCL13_CXCR5
CXCL13,CCR10,CXCL13 - CCR10,CXCL13_CCR10
CXCL13,GRM7,CXCL13 - GRM7,CXCL13_GRM7
GDF6,BMPR1A,GDF6 - BMPR1A,GDF6_BMPR1A
NODAL,ACVR1B,NODAL - ACVR1B,NODAL_ACVR1B
NODAL,ACVR2B,NODAL - ACVR2B,NODAL_ACVR2B
NODAL,SMAD3,NODAL - SMAD3,NODAL_SMAD3
NODAL,ACVR1C,NODAL - ACVR1C,NODAL_ACVR1C
SST,SSTR2,SST - SSTR2,SST_SSTR2
SST,SSTR3,SST - SSTR3,SST_SSTR3
SST,GRM7,SST - GRM7,SST_GRM7
CALM3,AR,CALM3 - AR,CALM3_AR
CALM3,SCN4A,CALM3 - SCN4A,CALM3_SCN4A
CALM3,AQP1,CALM3 - AQP1,CALM3_AQP1
CALM3,AQP6,CALM3 - AQP6,CALM3_AQP6
CALM3,GP6,CALM3 - GP6,CALM3_GP6
CALM3,SCN10A,CALM3 - SCN10A,CALM3_SCN10A
CALM3,PDE1C,CALM3 - PDE1C,CALM3_PDE1C
CALM3,PDE1A,CALM3 - PDE1A,CALM3_PDE1A
CALM3,KCNQ3,CALM3 - KCNQ3,CALM3_KCNQ3
CALM3,MYLK,CALM3 - MYLK,CALM3_MYLK
CALM3,CACNA1C,CALM3 - CACNA1C,CALM3_CACNA1C
CALM3,TRPC5,CALM3 - TRPC5,CALM3_TRPC5
CALM3,SELL,CALM3 - SELL,CALM3_SELL
CALM3,GRM7,CALM3 - GRM7,CALM3_GRM7
CALM3,EGFR,CALM3 - EGFR,CALM3_EGFR
TFF1,FCRL4,TFF1 - FCRL4,TFF1_FCRL4
S100A1,AGER,S100A1 - AGER,S100A1_AGER
S100A1,TRPM3,S100A1 - TRPM3,S100A1_TRPM3
S100A1,RYR1,S100A1 - RYR1,S100A1_RYR1
S100A1,TLR4,S100A1 - TLR4,S100A1_TLR4
SCGB3A1,NOTCH3,SCGB3A1 - NOTCH3,SCGB3A1_NOTCH3
SCGB3A1,MARCO,SCGB3A1 - MARCO,SCGB3A1_MARCO
HCRT,HCRTR1,HCRT - HCRTR1,HCRT_HCRTR1
HCRT,NPFFR2,HCRT - NPFFR2,HCRT_NPFFR2
SHANK1,SSTR2,SHANK1 - SSTR2,SHANK1_SSTR2
WNT1,FZD9,WNT1 - FZD9,WNT1_FZD9
WNT1,FZD3,WNT1 - FZD3,WNT1_FZD3
WNT1,ROR2,WNT1 - ROR2,WNT1_ROR2
WNT1,RYK,WNT1 - RYK,WNT1_RYK
WNT1,FZD5,WNT1 - FZD5,WNT1_FZD5
WNT1,LRP6,WNT1 - LRP6,WNT1_LRP6
NTN3,NEO1,NTN3 - NEO1,NTN3_NEO1
NTN3,CDON,NTN3 - CDON,NTN3_CDON
FGF19,KLB,FGF19 - KLB,FGF19_KLB
FGF19,FGFR2,FGF19 - FGFR2,FGF19_FGFR2
FGF19,FGFR3,FGF19 - FGFR3,FGF19_FGFR3
DRAXIN,DCC,DRAXIN - DCC,DRAXIN_DCC
ARPC5,LDLR,ARPC5 - LDLR,ARPC5_LDLR
TGFA,ERBB3,TGFA - ERBB3,TGFA_ERBB3
TGFA,ERBB2,TGFA - ERBB2,TGFA_ERBB2
TGFA,EGFR,TGFA - EGFR,TGFA_EGFR
TGFA,ERBB4,TGFA - ERBB4,TGFA_ERBB4
COL6A3,ITGA2,COL6A3 - ITGA2,COL6A3_ITGA2
CXCL3,CXCR2,CXCL3 - CXCR2,CXCL3_CXCR2
CXCL3,GRM7,CXCL3 - GRM7,CXCL3_GRM7
CXCL5,GRM7,CXCL5 - GRM7,CXCL5_GRM7
CXCL5,CXCR2,CXCL5 - CXCR2,CXCL5_CXCR2
PPBP,CXCR2,PPBP - CXCR2,PPBP_CXCR2
PPBP,GRM7,PPBP - GRM7,PPBP_GRM7
PF4,GRM7,PF4 - GRM7,PF4_GRM7
PF4,FGFR2,PF4 - FGFR2,PF4_FGFR2
PF4,LRP1,PF4 - LRP1,PF4_LRP1
PF4,LDLR,PF4 - LDLR,PF4_LDLR
PF4,THBD,PF4 - THBD,PF4_THBD
PF4,SDC2,PF4 - SDC2,PF4_SDC2
PF4,PROCR,PF4 - PROCR,PF4_PROCR
UCN,CRHR2,UCN - CRHR2,UCN_CRHR2
UCN,CRHR1,UCN - CRHR1,UCN_CRHR1
LIPH,LPAR1,LIPH - LPAR1,LIPH_LPAR1
LIPH,LPAR2,LIPH - LPAR2,LIPH_LPAR2
CAMP,EGFR,CAMP - EGFR,CAMP_EGFR
CAMP,FPR2,CAMP - FPR2,CAMP_FPR2
IL15,IL15RA,IL15 - IL15RA,IL15_IL15RA
IL15,IL2RG,IL15 - IL2RG,IL15_IL2RG
SCGB3A2,MARCO,SCGB3A2 - MARCO,SCGB3A2_MARCO
IL3,CSF2RB,IL3 - CSF2RB,IL3_CSF2RB
IL3,IL3RA,IL3 - IL3RA,IL3_IL3RA
COL1A2,ITGA2B,COL1A2 - ITGA2B,COL1A2_ITGA2B
COL1A2,ITGA2,COL1A2 - ITGA2,COL1A2_ITGA2
COL1A2,CD93,COL1A2 - CD93,COL1A2_CD93
COL1A2,ITGA11,COL1A2 - ITGA11,COL1A2_ITGA11
COL1A2,ITGB3,COL1A2 - ITGB3,COL1A2_ITGB3
COL1A2,CD36,COL1A2 - CD36,COL1A2_CD36
DEFB1,CCR6,DEFB1 - CCR6,DEFB1_CCR6
ARF6,SMAP1,ARF6 - SMAP1,ARF6_SMAP1
JAM3,ITGB2,JAM3 - ITGB2,JAM3_ITGB2
HSP90B1,LRP1,HSP90B1 - LRP1,HSP90B1_LRP1
HSP90B1,ERBB2,HSP90B1 - ERBB2,HSP90B1_ERBB2
HSP90B1,TLR4,HSP90B1 - TLR4,HSP90B1_TLR4
HSP90B1,ASGR1,HSP90B1 - ASGR1,HSP90B1_ASGR1
HSP90B1,TLR9,HSP90B1 - TLR9,HSP90B1_TLR9
COL6A2,ITGA2,COL6A2 - ITGA2,COL6A2_ITGA2
ANGPTL4,GPIHBP1,ANGPTL4 - GPIHBP1,ANGPTL4_GPIHBP1
ANGPTL4,TIE1,ANGPTL4 - TIE1,ANGPTL4_TIE1
FADD,FAS,FADD - FAS,FADD_FAS
CD14,TLR4,CD14 - TLR4,CD14_TLR4
CD14,TLR6,CD14 - TLR6,CD14_TLR6
CD14,RIPK1,CD14 - RIPK1,CD14_RIPK1
CD14,ITGB2,CD14 - ITGB2,CD14_ITGB2
CD14,ITGA4,CD14 - ITGA4,CD14_ITGA4
CD14,TLR9,CD14 - TLR9,CD14_TLR9
COL3A1,DDR2,COL3A1 - DDR2,COL3A1_DDR2
COL3A1,DDR1,COL3A1 - DDR1,COL3A1_DDR1
COL3A1,ITGA2,COL3A1 - ITGA2,COL3A1_ITGA2
NLGN2,MDGA1,NLGN2 - MDGA1,NLGN2_MDGA1
NLGN2,NRXN1,NLGN2 - NRXN1,NLGN2_NRXN1
NLGN2,NRXN2,NLGN2 - NRXN2,NLGN2_NRXN2
BMP1,BMPR1A,BMP1 - BMPR1A,BMP1_BMPR1A
FGB,ITGA2B,FGB - ITGA2B,FGB_ITGA2B
FGB,TLR4,FGB - TLR4,FGB_TLR4
FGB,ITGAM,FGB - ITGAM,FGB_ITGAM
FGB,ITGB3,FGB - ITGB3,FGB_ITGB3
FGB,ITGB2,FGB - ITGB2,FGB_ITGB2
FGA,ITGB2,FGA - ITGB2,FGA_ITGB2
FGA,ITGAD,FGA - ITGAD,FGA_ITGAD
FGA,ITGB3,FGA - ITGB3,FGA_ITGB3
FGA,ITGAM,FGA - ITGAM,FGA_ITGAM
FGA,TLR4,FGA - TLR4,FGA_TLR4
FGA,ITGA2B,FGA - ITGA2B,FGA_ITGA2B
FGA,ITGAX,FGA - ITGAX,FGA_ITGAX
FGA,CDH5,FGA - CDH5,FGA_CDH5
CXCL11,GRM7,CXCL11 - GRM7,CXCL11_GRM7
CXCL11,CCR3,CXCL11 - CCR3,CXCL11_CCR3
CXCL11,DPP4,CXCL11 - DPP4,CXCL11_DPP4
PRND,RPSA,PRND - RPSA,PRND_RPSA
NPTX1,NPTXR,NPTX1 - NPTXR,NPTX1_NPTXR
CCL19,CCR10,CCL19 - CCR10,CCL19_CCR10
CCL19,GRM7,CCL19 - GRM7,CCL19_GRM7
CCL19,CCR7,CCL19 - CCR7,CCL19_CCR7
CCL19,CCRL2,CCL19 - CCRL2,CCL19_CCRL2
PLG,F2R,PLG - F2R,PLG_F2R
PLG,FLT1,PLG - FLT1,PLG_FLT1
PLG,F2RL1,PLG - F2RL1,PLG_F2RL1
PLG,ITGA9,PLG - ITGA9,PLG_ITGA9
PLG,ITGB2,PLG - ITGB2,PLG_ITGB2
PLG,ITGAM,PLG - ITGAM,PLG_ITGAM
PLG,F3,PLG - F3,PLG_F3
CSHL1,GHR,CSHL1 - GHR,CSHL1_GHR
LPL,GPIHBP1,LPL - GPIHBP1,LPL_GPIHBP1
LPL,LRP1,LPL - LRP1,LPL_LRP1
LPL,SDC1,LPL - SDC1,LPL_SDC1
EFEMP2,PLSCR4,EFEMP2 - PLSCR4,EFEMP2_PLSCR4
EFEMP2,AQP1,EFEMP2 - AQP1,EFEMP2_AQP1
VEGFB,FLT1,VEGFB - FLT1,VEGFB_FLT1
GH1,GHR,GH1 - GHR,GH1_GHR
GNAI2,C5AR1,GNAI2 - C5AR1,GNAI2_C5AR1
GNAI2,LHCGR,GNAI2 - LHCGR,GNAI2_LHCGR
GNAI2,CNR1,GNAI2 - CNR1,GNAI2_CNR1
GNAI2,CXCR2,GNAI2 - CXCR2,GNAI2_CXCR2
GNAI2,EGFR,GNAI2 - EGFR,GNAI2_EGFR
GNAI2,LPAR3,GNAI2 - LPAR3,GNAI2_LPAR3
GNAI2,ADORA1,GNAI2 - ADORA1,GNAI2_ADORA1
GNAI2,ADRA2B,GNAI2 - ADRA2B,GNAI2_ADRA2B
GNAI2,FPR1,GNAI2 - FPR1,GNAI2_FPR1
GNAI2,TBXA2R,GNAI2 - TBXA2R,GNAI2_TBXA2R
GNAI2,EDNRB,GNAI2 - EDNRB,GNAI2_EDNRB
GNAI2,ADCY7,GNAI2 - ADCY7,GNAI2_ADCY7
GNAI2,F2R,GNAI2 - F2R,GNAI2_F2R
GNAI2,ADCY9,GNAI2 - ADCY9,GNAI2_ADCY9
GNAI2,S1PR4,GNAI2 - S1PR4,GNAI2_S1PR4
GNAI2,S1PR1,GNAI2 - S1PR1,GNAI2_S1PR1
GNAI2,CHRM1,GNAI2 - CHRM1,GNAI2_CHRM1
TLN1,ITGB3,TLN1 - ITGB3,TLN1_ITGB3
TLN1,ITGB5,TLN1 - ITGB5,TLN1_ITGB5
TAC1,TACR1,TAC1 - TACR1,TAC1_TACR1
TAC1,TACR2,TAC1 - TACR2,TAC1_TACR2
LPA,LPAR3,LPA - LPAR3,LPA_LPAR3
LPA,LPAR2,LPA - LPAR2,LPA_LPAR2
LPA,LPAR1,LPA - LPAR1,LPA_LPAR1
LPA,ITGB2,LPA - ITGB2,LPA_ITGB2
LPA,ITGAM,LPA - ITGAM,LPA_ITGAM
MMP1,ITGA2,MMP1 - ITGA2,MMP1_ITGA2
LAMA3,ITGA3,LAMA3 - ITGA3,LAMA3_ITGA3
LAMA3,SDC2,LAMA3 - SDC2,LAMA3_SDC2
SEMA6D,KDR,SEMA6D - KDR,SEMA6D_KDR
SEMA6D,PLXNA1,SEMA6D - PLXNA1,SEMA6D_PLXNA1
WNT11,MUSK,WNT11 - MUSK,WNT11_MUSK
WNT11,KLRG2,WNT11 - KLRG2,WNT11_KLRG2
PSEN1,NOTCH3,PSEN1 - NOTCH3,PSEN1_NOTCH3
PSEN1,NOTCH2,PSEN1 - NOTCH2,PSEN1_NOTCH2
BGN,LY96,BGN - LY96,BGN_LY96
BGN,TLR4,BGN - TLR4,BGN_TLR4
IZUMO1,CD9,IZUMO1 - CD9,IZUMO1_CD9
JAG2,NOTCH2,JAG2 - NOTCH2,JAG2_NOTCH2
JAG2,NOTCH3,JAG2 - NOTCH3,JAG2_NOTCH3
NXPH3,NRXN2,NXPH3 - NRXN2,NXPH3_NRXN2
NXPH3,NRXN1,NXPH3 - NRXN1,NXPH3_NRXN1
CNTN2,CNTN1,CNTN2 - CNTN1,CNTN2_CNTN1
CALCA,ADRB3,CALCA - ADRB3,CALCA_ADRB3
CALCA,GPR84,CALCA - GPR84,CALCA_GPR84
CALCA,ADCYAP1R1,CALCA - ADCYAP1R1,CALCA_ADCYAP1R1
CALCA,VIPR1,CALCA - VIPR1,CALCA_VIPR1
CALCA,CALCR,CALCA - CALCR,CALCA_CALCR
CALCA,RAMP1,CALCA - RAMP1,CALCA_RAMP1
CALCA,CALCRL,CALCA - CALCRL,CALCA_CALCRL
SLIT3,ROBO2,SLIT3 - ROBO2,SLIT3_ROBO2
SLIT3,ROBO1,SLIT3 - ROBO1,SLIT3_ROBO1
GH2,GHR,GH2 - GHR,GH2_GHR
FGF3,FGFR2,FGF3 - FGFR2,FGF3_FGFR2
FGF3,FGFR3,FGF3 - FGFR3,FGF3_FGFR3
GHRL,TBXA2R,GHRL - TBXA2R,GHRL_TBXA2R
GHRL,PTGER3,GHRL - PTGER3,GHRL_PTGER3
GHRL,GHRHR,GHRL - GHRHR,GHRL_GHRHR
GHRL,PTGIR,GHRL - PTGIR,GHRL_PTGIR
FGG,ITGB3,FGG - ITGB3,FGG_ITGB3
FGG,TLR4,FGG - TLR4,FGG_TLR4
FGG,ITGA2B,FGG - ITGA2B,FGG_ITGA2B
FGG,ITGB2,FGG - ITGB2,FGG_ITGB2
CXCL14,CXCR4,CXCL14 - CXCR4,CXCL14_CXCR4
EDN3,KEL,EDN3 - KEL,EDN3_KEL
EDN3,EDNRB,EDN3 - EDNRB,EDN3_EDNRB
RTN4,TNFRSF19,RTN4 - TNFRSF19,RTN4_TNFRSF19
RTN4,RTN4RL1,RTN4 - RTN4RL1,RTN4_RTN4RL1
NTN4,DCC,NTN4 - DCC,NTN4_DCC
NTN4,UNC5A,NTN4 - UNC5A,NTN4_UNC5A
WNT7B,FZD4,WNT7B - FZD4,WNT7B_FZD4
WNT7B,FZD10,WNT7B - FZD10,WNT7B_FZD10
WNT7B,TMED5,WNT7B - TMED5,WNT7B_TMED5
ICAM4,RHAG,ICAM4 - RHAG,ICAM4_RHAG
ICAM4,ITGA4,ICAM4 - ITGA4,ICAM4_ITGA4
ICAM4,ITGB2,ICAM4 - ITGB2,ICAM4_ITGB2
ICAM4,ITGAM,ICAM4 - ITGAM,ICAM4_ITGAM
ICAM4,ITGB3,ICAM4 - ITGB3,ICAM4_ITGB3
ICAM4,ITGA2B,ICAM4 - ITGA2B,ICAM4_ITGA2B
HMGB1,TLR9,HMGB1 - TLR9,HMGB1_TLR9
HMGB1,CD163,HMGB1 - CD163,HMGB1_CD163
HMGB1,AGER,HMGB1 - AGER,HMGB1_AGER
HMGB1,CXCR4,HMGB1 - CXCR4,HMGB1_CXCR4
HMGB1,SDC1,HMGB1 - SDC1,HMGB1_SDC1
HMGB1,THBD,HMGB1 - THBD,HMGB1_THBD
HMGB1,TLR4,HMGB1 - TLR4,HMGB1_TLR4
COL18A1,ITGB5,COL18A1 - ITGB5,COL18A1_ITGB5
COL18A1,ITGB3,COL18A1 - ITGB3,COL18A1_ITGB3
COL18A1,KDR,COL18A1 - KDR,COL18A1_KDR
COL18A1,ITGA3,COL18A1 - ITGA3,COL18A1_ITGA3
COL18A1,GPC4,COL18A1 - GPC4,COL18A1_GPC4
HP,CD22,HP - CD22,HP_CD22
HP,ASGR2,HP - ASGR2,HP_ASGR2
HP,CD163,HP - CD163,HP_CD163
HP,TLR4,HP - TLR4,HP_TLR4
HP,ITGAM,HP - ITGAM,HP_ITGAM
HP,ASGR1,HP - ASGR1,HP_ASGR1
HP,ITGB2,HP - ITGB2,HP_ITGB2
RSPO1,LGR4,RSPO1 - LGR4,RSPO1_LGR4
RSPO1,LGR5,RSPO1 - LGR5,RSPO1_LGR5
RSPO1,LRP6,RSPO1 - LRP6,RSPO1_LRP6
RSPO1,ZNRF3,RSPO1 - ZNRF3,RSPO1_ZNRF3
ADAM15,ITGB3,ADAM15 - ITGB3,ADAM15_ITGB3
ADAM15,ITGA9,ADAM15 - ITGA9,ADAM15_ITGA9
APOA4,LDLR,APOA4 - LDLR,APOA4_LDLR
APOA4,LRP1,APOA4 - LRP1,APOA4_LRP1
GAD1,GRM4,GAD1 - GRM4,GAD1_GRM4
NLGN3,NRXN1,NLGN3 - NRXN1,NLGN3_NRXN1
NLGN3,NRXN2,NLGN3 - NRXN2,NLGN3_NRXN2
CCL20,CCR6,CCL20 - CCR6,CCL20_CCR6
CCL20,GRM7,CCL20 - GRM7,CCL20_GRM7
PYY,GRM7,PYY - GRM7,PYY_GRM7
PYY,DPP4,PYY - DPP4,PYY_DPP4
PYY,NPY5R,PYY - NPY5R,PYY_NPY5R
PYY,NPY1R,PYY - NPY1R,PYY_NPY1R
PYY,FAP,PYY - FAP,PYY_FAP
PYY,NPY2R,PYY - NPY2R,PYY_NPY2R
F8,ASGR2,F8 - ASGR2,F8_ASGR2
F8,LDLR,F8 - LDLR,F8_LDLR
F8,LRP1,F8 - LRP1,F8_LRP1
COL4A2,ITGB5,COL4A2 - ITGB5,COL4A2_ITGB5
COL4A2,ITGB3,COL4A2 - ITGB3,COL4A2_ITGB3
COL4A2,CD93,COL4A2 - CD93,COL4A2_CD93
CCL28,GRM7,CCL28 - GRM7,CCL28_GRM7
CCL28,CCR10,CCL28 - CCR10,CCL28_CCR10
CCL28,CCR3,CCL28 - CCR3,CCL28_CCR3
CXCL9,DPP4,CXCL9 - DPP4,CXCL9_DPP4
CXCL9,CCR3,CXCL9 - CCR3,CXCL9_CCR3
CXCL9,GRM7,CXCL9 - GRM7,CXCL9_GRM7
CXCL9,FCGR2A,CXCL9 - FCGR2A,CXCL9_FCGR2A
CNTF,CNTFR,CNTF - CNTFR,CNTF_CNTFR
CNTF,EGFR,CNTF - EGFR,CNTF_EGFR
THBS2,NOTCH3,THBS2 - NOTCH3,THBS2_NOTCH3
THBS2,ITGA4,THBS2 - ITGA4,THBS2_ITGA4
THBS2,CD47,THBS2 - CD47,THBS2_CD47
THBS2,ITGB3,THBS2 - ITGB3,THBS2_ITGB3
THBS2,CD36,THBS2 - CD36,THBS2_CD36
LEFTY2,ACVR2B,LEFTY2 - ACVR2B,LEFTY2_ACVR2B
LEFTY2,ACVR1B,LEFTY2 - ACVR1B,LEFTY2_ACVR1B
C4BPA,LRP1,C4BPA - LRP1,C4BPA_LRP1
C4BPA,CD40,C4BPA - CD40,C4BPA_CD40
VIP,AVPR1A,VIP - AVPR1A,VIP_AVPR1A
VIP,ADRB3,VIP - ADRB3,VIP_ADRB3
VIP,GPR84,VIP - GPR84,VIP_GPR84
VIP,VIPR1,VIP - VIPR1,VIP_VIPR1
VIP,ADCYAP1R1,VIP - ADCYAP1R1,VIP_ADCYAP1R1
VIP,RAMP1,VIP - RAMP1,VIP_RAMP1
VIP,DPP4,VIP - DPP4,VIP_DPP4
FASLG,FAS,FASLG - FAS,FASLG_FAS
FASLG,TNFRSF10B,FASLG - TNFRSF10B,FASLG_TNFRSF10B
FASLG,TNFRSF1A,FASLG - TNFRSF1A,FASLG_TNFRSF1A
APOA2,LDLR,APOA2 - LDLR,APOA2_LDLR
APOA2,LRP1,APOA2 - LRP1,APOA2_LRP1
SEMA4A,PLXNB2,SEMA4A - PLXNB2,SEMA4A_PLXNB2
EFNA1,EPHA7,EFNA1 - EPHA7,EFNA1_EPHA7
EFNA1,EPHA10,EFNA1 - EPHA10,EFNA1_EPHA10
EFNA1,EPHA3,EFNA1 - EPHA3,EFNA1_EPHA3
EFNA1,EPHA4,EFNA1 - EPHA4,EFNA1_EPHA4
EFNA1,EPHA6,EFNA1 - EPHA6,EFNA1_EPHA6
EFNA1,EPHB6,EFNA1 - EPHB6,EFNA1_EPHB6
EFNA1,EPHA2,EFNA1 - EPHA2,EFNA1_EPHA2
ADAM12,ITGA9,ADAM12 - ITGA9,ADAM12_ITGA9
S100A8,TLR4,S100A8 - TLR4,S100A8_TLR4
S100A8,CD36,S100A8 - CD36,S100A8_CD36
S100A8,ITGB2,S100A8 - ITGB2,S100A8_ITGB2
S100A8,AGER,S100A8 - AGER,S100A8_AGER
NGF,KIDINS220,NGF - KIDINS220,NGF_KIDINS220
NGF,NTRK1,NGF - NTRK1,NGF_NTRK1
NGF,TRPV1,NGF - TRPV1,NGF_TRPV1
NGF,SORCS3,NGF - SORCS3,NGF_SORCS3
NGF,SORT1,NGF - SORT1,NGF_SORT1
WNT2B,FZD4,WNT2B - FZD4,WNT2B_FZD4
COL11A1,ITGA2,COL11A1 - ITGA2,COL11A1_ITGA2
COL11A1,DDR1,COL11A1 - DDR1,COL11A1_DDR1
ITGB3BP,ITGB3,ITGB3BP - ITGB3,ITGB3BP_ITGB3
ITGB3BP,ITGB5,ITGB3BP - ITGB5,ITGB3BP_ITGB5
ANGPTL3,ITGB3,ANGPTL3 - ITGB3,ANGPTL3_ITGB3
RBP4,STRA6,RBP4 - STRA6,RBP4_STRA6
COL5A1,SDC3,COL5A1 - SDC3,COL5A1_SDC3
SFTPD,TLR4,SFTPD - TLR4,SFTPD_TLR4
SFTPD,SIRPA,SFTPD - SIRPA,SFTPD_SIRPA
SFTPD,LY96,SFTPD - LY96,SFTPD_LY96
MMP9,TLR9,MMP9 - TLR9,MMP9_TLR9
MMP9,IFNAR1,MMP9 - IFNAR1,MMP9_IFNAR1
MMP9,ITGAM,MMP9 - ITGAM,MMP9_ITGAM
MMP9,LRP1,MMP9 - LRP1,MMP9_LRP1
MMP9,EPHB2,MMP9 - EPHB2,MMP9_EPHB2
MMP9,ITGB2,MMP9 - ITGB2,MMP9_ITGB2
EDN2,KEL,EDN2 - KEL,EDN2_KEL
EDN2,EDNRB,EDN2 - EDNRB,EDN2_EDNRB
ANGPTL2,TIE1,ANGPTL2 - TIE1,ANGPTL2_TIE1
GHRH,GHRHR,GHRH - GHRHR,GHRH_GHRHR
GHRH,VIPR1,GHRH - VIPR1,GHRH_VIPR1
GHRH,ADCYAP1R1,GHRH - ADCYAP1R1,GHRH_ADCYAP1R1
GHRH,ADRB3,GHRH - ADRB3,GHRH_ADRB3
GHRH,GPR84,GHRH - GPR84,GHRH_GPR84
TNFSF15,TNFRSF25,TNFSF15 - TNFRSF25,TNFSF15_TNFRSF25
GDF5,ROR2,GDF5 - ROR2,GDF5_ROR2
GDF5,ACVR1,GDF5 - ACVR1,GDF5_ACVR1
GDF5,BMPR1A,GDF5 - BMPR1A,GDF5_BMPR1A
GDF5,ACVR2B,GDF5 - ACVR2B,GDF5_ACVR2B
EDA,EDAR,EDA - EDAR,EDA_EDAR
EDA,EDA2R,EDA - EDA2R,EDA_EDA2R
F10,F3,F10 - F3,F10_F3
F10,ITGAM,F10 - ITGAM,F10_ITGAM
F10,ITGB2,F10 - ITGB2,F10_ITGB2
SYK,LAT,SYK - LAT,SYK_LAT
SYK,FCGR2A,SYK - FCGR2A,SYK_FCGR2A
FGF14,FGFR2,FGF14 - FGFR2,FGF14_FGFR2
FGF14,FGFR3,FGF14 - FGFR3,FGF14_FGFR3
HLA-C,LILRA1,HLA-C - LILRA1,HLA-C_LILRA1
HLA-C,LILRB1,HLA-C - LILRB1,HLA-C_LILRB1
HLA-C,CD3G,HLA-C - CD3G,HLA-C_CD3G
HLA-C,KIR3DL1,HLA-C - KIR3DL1,HLA-C_KIR3DL1
ANXA1,EGFR,ANXA1 - EGFR,ANXA1_EGFR
ANXA1,GRM7,ANXA1 - GRM7,ANXA1_GRM7
ANXA1,FPR1,ANXA1 - FPR1,ANXA1_FPR1
ANXA1,FPR2,ANXA1 - FPR2,ANXA1_FPR2
ACTR2,LDLR,ACTR2 - LDLR,ACTR2_LDLR
NDP,FZD4,NDP - FZD4,NDP_FZD4
NDP,LGR4,NDP - LGR4,NDP_LGR4
AGRN,LRP4,AGRN - LRP4,AGRN_LRP4
AGRN,LRP1,AGRN - LRP1,AGRN_LRP1
AGRN,ATP1A3,AGRN - ATP1A3,AGRN_ATP1A3
AGRN,MUSK,AGRN - MUSK,AGRN_MUSK
INSL3,ADRB3,INSL3 - ADRB3,INSL3_ADRB3
INSL3,GPR84,INSL3 - GPR84,INSL3_GPR84
INSL3,ADCYAP1R1,INSL3 - ADCYAP1R1,INSL3_ADCYAP1R1
INSL3,VIPR1,INSL3 - VIPR1,INSL3_VIPR1
AVP,LDLR,AVP - LDLR,AVP_LDLR
AVP,VIPR1,AVP - VIPR1,AVP_VIPR1
AVP,ADCYAP1R1,AVP - ADCYAP1R1,AVP_ADCYAP1R1
AVP,GPR84,AVP - GPR84,AVP_GPR84
AVP,ADRB3,AVP - ADRB3,AVP_ADRB3
AVP,OXTR,AVP - OXTR,AVP_OXTR
AVP,AVPR1A,AVP - AVPR1A,AVP_AVPR1A
COL2A1,ITGA10,COL2A1 - ITGA10,COL2A1_ITGA10
COL2A1,DDR1,COL2A1 - DDR1,COL2A1_DDR1
COL2A1,ITGA2B,COL2A1 - ITGA2B,COL2A1_ITGA2B
COL2A1,ITGA2,COL2A1 - ITGA2,COL2A1_ITGA2
RLN2,ADRB3,RLN2 - ADRB3,RLN2_ADRB3
RLN2,GPR84,RLN2 - GPR84,RLN2_GPR84
RLN2,ADCYAP1R1,RLN2 - ADCYAP1R1,RLN2_ADCYAP1R1
RLN2,VIPR1,RLN2 - VIPR1,RLN2_VIPR1
RLN2,RXFP3,RLN2 - RXFP3,RLN2_RXFP3
RPH3A,NRXN1,RPH3A - NRXN1,RPH3A_NRXN1
LAMA1,RPSA,LAMA1 - RPSA,LAMA1_RPSA
LAMA1,ITGA3,LAMA1 - ITGA3,LAMA1_ITGA3
LAMA1,NT5E,LAMA1 - NT5E,LAMA1_NT5E
LAMA1,ITGA2,LAMA1 - ITGA2,LAMA1_ITGA2
LAMA1,ITGA7,LAMA1 - ITGA7,LAMA1_ITGA7
LAMA1,ITGB8,LAMA1 - ITGB8,LAMA1_ITGB8
LAMA1,SDC2,LAMA1 - SDC2,LAMA1_SDC2
CCL25,CCR10,CCL25 - CCR10,CCL25_CCR10
CCL25,GRM7,CCL25 - GRM7,CCL25_GRM7
LAMB3,ITGA2,LAMB3 - ITGA2,LAMB3_ITGA2
LAMB3,CD151,LAMB3 - CD151,LAMB3_CD151
LAMB3,ITGA3,LAMB3 - ITGA3,LAMB3_ITGA3
LAMB3,COL17A1,LAMB3 - COL17A1,LAMB3_COL17A1
IL1F10,IL1R1,IL1F10 - IL1R1,IL1F10_IL1R1
CCL8,CCR3,CCL8 - CCR3,CCL8_CCR3
CCL8,CCR1,CCL8 - CCR1,CCL8_CCR1
COL4A6,CD93,COL4A6 - CD93,COL4A6_CD93
COL4A6,ITGA2,COL4A6 - ITGA2,COL4A6_ITGA2
COL4A6,CD47,COL4A6 - CD47,COL4A6_CD47
CCL26,CCR1,CCL26 - CCR1,CCL26_CCR1
CCL26,CCR3,CCL26 - CCR3,CCL26_CCR3
SPP1,ITGA4,SPP1 - ITGA4,SPP1_ITGA4
SPP1,ITGB5,SPP1 - ITGB5,SPP1_ITGB5
SPP1,ITGB3,SPP1 - ITGB3,SPP1_ITGB3
SPP1,ITGA9,SPP1 - ITGA9,SPP1_ITGA9
LGALS9,MRC2,LGALS9 - MRC2,LGALS9_MRC2
LGALS9,HAVCR2,LGALS9 - HAVCR2,LGALS9_HAVCR2
LGALS9,SLC1A5,LGALS9 - SLC1A5,LGALS9_SLC1A5
LGALS9,CD47,LGALS9 - CD47,LGALS9_CD47
ADM2,GPR84,ADM2 - GPR84,ADM2_GPR84
ADM2,ADRB3,ADM2 - ADRB3,ADM2_ADRB3
ADM2,VIPR1,ADM2 - VIPR1,ADM2_VIPR1
ADM2,ADCYAP1R1,ADM2 - ADCYAP1R1,ADM2_ADCYAP1R1
ADM2,CALCR,ADM2 - CALCR,ADM2_CALCR
ADM2,RAMP1,ADM2 - RAMP1,ADM2_RAMP1
ADM2,CALCRL,ADM2 - CALCRL,ADM2_CALCRL
CXCL12,CD4,CXCL12 - CD4,CXCL12_CD4
CXCL12,DPP4,CXCL12 - DPP4,CXCL12_DPP4
CXCL12,CCR4,CXCL12 - CCR4,CXCL12_CCR4
CXCL12,GRM7,CXCL12 - GRM7,CXCL12_GRM7
CXCL12,CXCR4,CXCL12 - CXCR4,CXCL12_CXCR4
CXCL12,AVPR1A,CXCL12 - AVPR1A,CXCL12_AVPR1A
BMP7,ACVR1,BMP7 - ACVR1,BMP7_ACVR1
BMP7,ACVR2B,BMP7 - ACVR2B,BMP7_ACVR2B
BMP7,BMPR1A,BMP7 - BMPR1A,BMP7_BMPR1A
COL4A3,ITGA3,COL4A3 - ITGA3,COL4A3_ITGA3
COL4A3,CD47,COL4A3 - CD47,COL4A3_CD47
COL4A3,ITGB3,COL4A3 - ITGB3,COL4A3_ITGB3
COL4A3,CD93,COL4A3 - CD93,COL4A3_CD93
COL4A3,ITGA2,COL4A3 - ITGA2,COL4A3_ITGA2
COL4A4,ITGA2,COL4A4 - ITGA2,COL4A4_ITGA2
COL4A4,CD93,COL4A4 - CD93,COL4A4_CD93
COL4A4,ITGB3,COL4A4 - ITGB3,COL4A4_ITGB3
COL4A4,CD47,COL4A4 - CD47,COL4A4_CD47
HLA-A,ERBB2,HLA-A - ERBB2,HLA-A_ERBB2
HLA-A,KIR3DL1,HLA-A - KIR3DL1,HLA-A_KIR3DL1
HLA-A,CD3G,HLA-A - CD3G,HLA-A_CD3G
HLA-A,LILRA1,HLA-A - LILRA1,HLA-A_LILRA1
HLA-A,APLP2,HLA-A - APLP2,HLA-A_APLP2
HLA-A,LILRB1,HLA-A - LILRB1,HLA-A_LILRB1
HLA-A,KIR3DL2,HLA-A - KIR3DL2,HLA-A_KIR3DL2
CNTN4,PTPRG,CNTN4 - PTPRG,CNTN4_PTPRG
TCTN1,TMEM67,TCTN1 - TMEM67,TCTN1_TMEM67
PDCD1LG2,PDCD1,PDCD1LG2 - PDCD1,PDCD1LG2_PDCD1
TNFSF11,LGR4,TNFSF11 - LGR4,TNFSF11_LGR4
TNFSF11,TNFRSF11B,TNFSF11 - TNFRSF11B,TNFSF11_TNFRSF11B
TNFSF11,TNFRSF11A,TNFSF11 - TNFRSF11A,TNFSF11_TNFRSF11A
DSCAM,DCC,DSCAM - DCC,DSCAM_DCC
FBLN2,ITGB3,FBLN2 - ITGB3,FBLN2_ITGB3
NXPH1,NRXN1,NXPH1 - NRXN1,NXPH1_NRXN1
NXPH1,NRXN2,NXPH1 - NRXN2,NXPH1_NRXN2
SAA1,FPR2,SAA1 - FPR2,SAA1_FPR2
SAA1,FPR1,SAA1 - FPR1,SAA1_FPR1
SAA1,GRM7,SAA1 - GRM7,SAA1_GRM7
SAA1,SCARB1,SAA1 - SCARB1,SAA1_SCARB1
MDK,SORL1,MDK - SORL1,MDK_SORL1
MDK,SDC3,MDK - SDC3,MDK_SDC3
MDK,SDC1,MDK - SDC1,MDK_SDC1
MDK,LRP1,MDK - LRP1,MDK_LRP1
MDK,ITGA4,MDK - ITGA4,MDK_ITGA4
TF,TFR2,TF - TFR2,TF_TFR2
TF,HFE,TF - HFE,TF_HFE
TF,LDLR,TF - LDLR,TF_LDLR
ARTN,GFRA3,ARTN - GFRA3,ARTN_GFRA3
PTPN6,CD300LF,PTPN6 - CD300LF,PTPN6_CD300LF
PTPN6,FCRL4,PTPN6 - FCRL4,PTPN6_FCRL4
CLEC2A,KLRF2,CLEC2A - KLRF2,CLEC2A_KLRF2
NTF3,NTRK1,NTF3 - NTRK1,NTF3_NTRK1
NTF3,NTRK2,NTF3 - NTRK2,NTF3_NTRK2
RLN3,RXFP3,RLN3 - RXFP3,RLN3_RXFP3
RLN3,RXFP4,RLN3 - RXFP4,RLN3_RXFP4
RLN3,GRM7,RLN3 - GRM7,RLN3_GRM7
RLN3,VIPR1,RLN3 - VIPR1,RLN3_VIPR1
RLN3,ADCYAP1R1,RLN3 - ADCYAP1R1,RLN3_ADCYAP1R1
RLN3,GPR84,RLN3 - GPR84,RLN3_GPR84
RLN3,ADRB3,RLN3 - ADRB3,RLN3_ADRB3
TNF,TNFRSF1B,TNF - TNFRSF1B,TNF_TNFRSF1B
TNF,TNFRSF1A,TNF - TNFRSF1A,TNF_TNFRSF1A
TNF,RIPK1,TNF - RIPK1,TNF_RIPK1
TNF,TNFRSF21,TNF - TNFRSF21,TNF_TNFRSF21
TNF,FAS,TNF - FAS,TNF_FAS
TNF,PTPRS,TNF - PTPRS,TNF_PTPRS
TNF,FFAR2,TNF - FFAR2,TNF_FFAR2
TNF,ICOS,TNF - ICOS,TNF_ICOS
LAMA2,ITGA7,LAMA2 - ITGA7,LAMA2_ITGA7
LAMA2,ITGA2,LAMA2 - ITGA2,LAMA2_ITGA2
LAMA2,ITGA3,LAMA2 - ITGA3,LAMA2_ITGA3
LAMA2,RPSA,LAMA2 - RPSA,LAMA2_RPSA
HRAS,SDC2,HRAS - SDC2,HRAS_SDC2
HRAS,GRIN2D,HRAS - GRIN2D,HRAS_GRIN2D
HRAS,TLR9,HRAS - TLR9,HRAS_TLR9
GDNF,EDNRB,GDNF - EDNRB,GDNF_EDNRB
GDNF,GFRA3,GDNF - GFRA3,GDNF_GFRA3
HLA-G,KIR3DL1,HLA-G - KIR3DL1,HLA-G_KIR3DL1
HLA-G,CD4,HLA-G - CD4,HLA-G_CD4
HLA-G,LILRB1,HLA-G - LILRB1,HLA-G_LILRB1
FSHB,ADCYAP1R1,FSHB - ADCYAP1R1,FSHB_ADCYAP1R1
FSHB,VIPR1,FSHB - VIPR1,FSHB_VIPR1
FSHB,ADRB3,FSHB - ADRB3,FSHB_ADRB3
FSHB,GPR84,FSHB - GPR84,FSHB_GPR84
FSHB,FSHR,FSHB - FSHR,FSHB_FSHR
ADM,CALCRL,ADM - CALCRL,ADM_CALCRL
ADM,RAMP1,ADM - RAMP1,ADM_RAMP1
ADM,CALCR,ADM - CALCR,ADM_CALCR
ADM,ADCYAP1R1,ADM - ADCYAP1R1,ADM_ADCYAP1R1
ADM,VIPR1,ADM - VIPR1,ADM_VIPR1
ADM,GPR84,ADM - GPR84,ADM_GPR84
ADM,ADRB3,ADM - ADRB3,ADM_ADRB3
PTHLH,ADRB3,PTHLH - ADRB3,PTHLH_ADRB3
PTHLH,GPR84,PTHLH - GPR84,PTHLH_GPR84
PTHLH,VIPR1,PTHLH - VIPR1,PTHLH_VIPR1
PTHLH,ADCYAP1R1,PTHLH - ADCYAP1R1,PTHLH_ADCYAP1R1
ADCYAP1,ADCYAP1R1,ADCYAP1 - ADCYAP1R1,ADCYAP1_ADCYAP1R1
ADCYAP1,VIPR1,ADCYAP1 - VIPR1,ADCYAP1_VIPR1
ADCYAP1,GPR84,ADCYAP1 - GPR84,ADCYAP1_GPR84
ADCYAP1,ADRB3,ADCYAP1 - ADRB3,ADCYAP1_ADRB3
ADCYAP1,DPP4,ADCYAP1 - DPP4,ADCYAP1_DPP4
CGA,LHCGR,CGA - LHCGR,CGA_LHCGR
CGA,ADRB3,CGA - ADRB3,CGA_ADRB3
CGA,GPR84,CGA - GPR84,CGA_GPR84
CGA,VIPR1,CGA - VIPR1,CGA_VIPR1
CGA,ADCYAP1R1,CGA - ADCYAP1R1,CGA_ADCYAP1R1
CGA,FSHR,CGA - FSHR,CGA_FSHR
S100A10,CFTR,S100A10 - CFTR,S100A10_CFTR
SHANK2,CFTR,SHANK2 - CFTR,SHANK2_CFTR
S100A4,ERBB2,S100A4 - ERBB2,S100A4_ERBB2
S100A4,EGFR,S100A4 - EGFR,S100A4_EGFR
TNFSF13B,CD40,TNFSF13B - CD40,TNFSF13B_CD40
TNFSF13B,TNFRSF13B,TNFSF13B - TNFRSF13B,TNFSF13B_TNFRSF13B
LTA,LTBR,LTA - LTBR,LTA_LTBR
LTA,RIPK1,LTA - RIPK1,LTA_RIPK1
LTA,TNFRSF1A,LTA - TNFRSF1A,LTA_TNFRSF1A
LTA,TNFRSF1B,LTA - TNFRSF1B,LTA_TNFRSF1B
NTF4,NTRK1,NTF4 - NTRK1,NTF4_NTRK1
NTF4,NTRK2,NTF4 - NTRK2,NTF4_NTRK2
FAM3C,GLRA2,FAM3C - GLRA2,FAM3C_GLRA2
C1QB,C1QBP,C1QB - C1QBP,C1QB_C1QBP
C1QB,LRP1,C1QB - LRP1,C1QB_LRP1
GNRH2,GNRHR,GNRH2 - GNRHR,GNRH2_GNRHR
IL22,IL10RA,IL22 - IL10RA,IL22_IL10RA
IL22,IL22RA2,IL22 - IL22RA2,IL22_IL22RA2
IL22,IL21R,IL22 - IL21R,IL22_IL21R
IL22,IL10RB,IL22 - IL10RB,IL22_IL10RB
IL10,IL10RB,IL10 - IL10RB,IL10_IL10RB
IL10,IL10RA,IL10 - IL10RA,IL10_IL10RA
CLEC2D,KLRB1,CLEC2D - KLRB1,CLEC2D_KLRB1
PDYN,GRM7,PDYN - GRM7,PDYN_GRM7
PODXL2,SELL,PODXL2 - SELL,PODXL2_SELL
CD34,SELL,CD34 - SELL,CD34_SELL
CD34,SELP,CD34 - SELP,CD34_SELP
MUC7,SELL,MUC7 - SELL,MUC7_SELL
PODXL,SELL,PODXL - SELL,PODXL_SELL
MICA,KLRK1,MICA - KLRK1,MICA_KLRK1
RAET1L,KLRK1,RAET1L - KLRK1,RAET1L_KLRK1
ULBP2,KLRK1,ULBP2 - KLRK1,ULBP2_KLRK1
RAET1G,KLRK1,RAET1G - KLRK1,RAET1G_KLRK1
CD55,CR1,CD55 - CR1,CD55_CR1
GPC3,LRP1,GPC3 - LRP1,GPC3_LRP1
A2M,LRP1,A2M - LRP1,A2M_LRP1
SERPINA1,LRP1,SERPINA1 - LRP1,SERPINA1_LRP1
SERPINE2,LRP1,SERPINE2 - LRP1,SERPINE2_LRP1
MMP13,LRP1,MMP13 - LRP1,MMP13_LRP1
HPX,LRP1,HPX - LRP1,HPX_LRP1
LIPC,LRP1,LIPC - LRP1,LIPC_LRP1
PSAP,LRP1,PSAP - LRP1,PSAP_LRP1
PSAP,SORT1,PSAP - SORT1,PSAP_SORT1
PSAP,GPR37,PSAP - GPR37,PSAP_GPR37
PSAP,CD1B,PSAP - CD1B,PSAP_CD1B
PSAP,AR,PSAP - AR,PSAP_AR
ASIP,MC4R,ASIP - MC4R,ASIP_MC4R
ASIP,MC5R,ASIP - MC5R,ASIP_MC5R
ASIP,MC2R,ASIP - MC2R,ASIP_MC2R
ASIP,F11R,ASIP - F11R,ASIP_F11R
ASIP,MC1R,ASIP - MC1R,ASIP_MC1R
ASIP,ATRN,ASIP - ATRN,ASIP_ATRN
ASIP,MC3R,ASIP - MC3R,ASIP_MC3R
SFTPA2,CD93,SFTPA2 - CD93,SFTPA2_CD93
MBL2,CD93,MBL2 - CD93,MBL2_CD93
MBL2,CALCR,MBL2 - CALCR,MBL2_CALCR
C1QA,CR1,C1QA - CR1,C1QA_CR1
C1QA,CD93,C1QA - CD93,C1QA_CD93
C1QA,CSPG4,C1QA - CSPG4,C1QA_CSPG4
IGFL1,IGFLR1,IGFL1 - IGFLR1,IGFL1_IGFLR1
IGFL3,IGFLR1,IGFL3 - IGFLR1,IGFL3_IGFLR1
GSTP1,EGFR,GSTP1 - EGFR,GSTP1_EGFR
GALP,GALR1,GALP - GALR1,GALP_GALR1
NTNG2,LRRC4,NTNG2 - LRRC4,NTNG2_LRRC4
NTNG2,LRRC4C,NTNG2 - LRRC4C,NTNG2_LRRC4C
GUCA2B,GUCY2D,GUCA2B - GUCY2D,GUCA2B_GUCY2D
VEGFC,FLT1,VEGFC - FLT1,VEGFC_FLT1
VEGFC,CCBE1,VEGFC - CCBE1,VEGFC_CCBE1
VEGFC,ITGA9,VEGFC - ITGA9,VEGFC_ITGA9
VEGFC,KDR,VEGFC - KDR,VEGFC_KDR
DSC3,DSG3,DSC3 - DSG3,DSC3_DSG3
PDGFA,PDGFRA,PDGFA - PDGFRA,PDGFA_PDGFRA
PDGFA,PDGFRB,PDGFA - PDGFRB,PDGFA_PDGFRB
FGF21,FGFR3,FGF21 - FGFR3,FGF21_FGFR3
FGF21,FGFR2,FGF21 - FGFR2,FGF21_FGFR2
FGF21,KLB,FGF21 - KLB,FGF21_KLB
NMB,GRPR,NMB - GRPR,NMB_GRPR
NMB,BRS3,NMB - BRS3,NMB_BRS3
B2M,HLA-F,B2M - HLA-F,B2M_HLA-F
B2M,CD1B,B2M - CD1B,B2M_CD1B
B2M,LILRB1,B2M - LILRB1,B2M_LILRB1
B2M,CD247,B2M - CD247,B2M_CD247
B2M,HFE,B2M - HFE,B2M_HFE
B2M,KIR3DL1,B2M - KIR3DL1,B2M_KIR3DL1
B2M,KLRC2,B2M - KLRC2,B2M_KLRC2
B2M,CD3G,B2M - CD3G,B2M_CD3G
EDIL3,ITGB5,EDIL3 - ITGB5,EDIL3_ITGB5
CP,SLC40A1,CP - SLC40A1,CP_SLC40A1
SOSTDC1,LRP6,SOSTDC1 - LRP6,SOSTDC1_LRP6
DKK1,LRP6,DKK1 - LRP6,DKK1_LRP6
HSPA1A,GRIN2D,HSPA1A - GRIN2D,HSPA1A_GRIN2D
HSPA1A,TLR4,HSPA1A - TLR4,HSPA1A_TLR4
IL27,IL27RA,IL27 - IL27RA,IL27_IL27RA
PROS1,AXL,PROS1 - AXL,PROS1_AXL
PROS1,TYRO3,PROS1 - TYRO3,PROS1_TYRO3
INS,LILRB1,INS - LILRB1,INS_LILRB1
GREM1,KDR,GREM1 - KDR,GREM1_KDR
NRG1,ERBB3,NRG1 - ERBB3,NRG1_ERBB3
NRG1,LGR4,NRG1 - LGR4,NRG1_LGR4
NRG1,ERBB2,NRG1 - ERBB2,NRG1_ERBB2
NRG1,EGFR,NRG1 - EGFR,NRG1_EGFR
NRG1,ERBB4,NRG1 - ERBB4,NRG1_ERBB4
SLIT2,SDC1,SLIT2 - SDC1,SLIT2_SDC1
SLIT2,DCC,SLIT2 - DCC,SLIT2_DCC
SLIT2,ROBO4,SLIT2 - ROBO4,SLIT2_ROBO4
SLIT2,ROBO1,SLIT2 - ROBO1,SLIT2_ROBO1
SLIT2,ROBO2,SLIT2 - ROBO2,SLIT2_ROBO2
NPPA,NPR1,NPPA - NPR1,NPPA_NPR1
PGF,FLT1,PGF - FLT1,PGF_FLT1
NCAM1,ROBO1,NCAM1 - ROBO1,NCAM1_ROBO1
NCAM1,CACNA1C,NCAM1 - CACNA1C,NCAM1_CACNA1C
NCAM1,FGFR2,NCAM1 - FGFR2,NCAM1_FGFR2
NRG3,ERBB3,NRG3 - ERBB3,NRG3_ERBB3
NRG3,ERBB4,NRG3 - ERBB4,NRG3_ERBB4
NRG3,ERBB2,NRG3 - ERBB2,NRG3_ERBB2
AREG,EGFR,AREG - EGFR,AREG_EGFR
AREG,ERBB3,AREG - ERBB3,AREG_ERBB3
NRG2,ERBB3,NRG2 - ERBB3,NRG2_ERBB3
NRG2,ERBB4,NRG2 - ERBB4,NRG2_ERBB4
NRG2,ERBB2,NRG2 - ERBB2,NRG2_ERBB2
SEMA4D,ERBB2,SEMA4D - ERBB2,SEMA4D_ERBB2
SEMA4D,PLXNB2,SEMA4D - PLXNB2,SEMA4D_PLXNB2
IFNA14,IFNAR2,IFNA14 - IFNAR2,IFNA14_IFNAR2
IFNA14,IFNAR1,IFNA14 - IFNAR1,IFNA14_IFNAR1
IFNA10,IFNAR2,IFNA10 - IFNAR2,IFNA10_IFNAR2
IFNA10,IFNAR1,IFNA10 - IFNAR1,IFNA10_IFNAR1
IFNA8,IFNAR1,IFNA8 - IFNAR1,IFNA8_IFNAR1
IFNA8,IFNAR2,IFNA8 - IFNAR2,IFNA8_IFNAR2
IFNE,IFNAR2,IFNE - IFNAR2,IFNE_IFNAR2
IFNE,IFNAR1,IFNE - IFNAR1,IFNE_IFNAR1
IFNA21,IFNAR1,IFNA21 - IFNAR1,IFNA21_IFNAR1
IFNA21,IFNAR2,IFNA21 - IFNAR2,IFNA21_IFNAR2
IL24,IL20RA,IL24 - IL20RA,IL24_IL20RA
IL24,IL10RB,IL24 - IL10RB,IL24_IL10RB
PTPN11,FCRL4,PTPN11 - FCRL4,PTPN11_FCRL4
EFEMP1,EGFR,EFEMP1 - EGFR,EFEMP1_EGFR
FGL1,EGFR,FGL1 - EGFR,FGL1_EGFR
ANG,EGFR,ANG - EGFR,ANG_EGFR
CXCL2,DPP4,CXCL2 - DPP4,CXCL2_DPP4
CXCL2,CXCR2,CXCL2 - CXCR2,CXCL2_CXCR2
CXCL2,GRM7,CXCL2 - GRM7,CXCL2_GRM7
CXCL2,XCR1,CXCL2 - XCR1,CXCL2_XCR1
CXCL1,GRM7,CXCL1 - GRM7,CXCL1_GRM7
CXCL1,CXCR2,CXCL1 - CXCR2,CXCL1_CXCR2
PPY,GRM7,PPY - GRM7,PPY_GRM7
PPY,NPY2R,PPY - NPY2R,PPY_NPY2R
PPY,NPY5R,PPY - NPY5R,PPY_NPY5R
PPY,NPY1R,PPY - NPY1R,PPY_NPY1R
IL25,IL17RB,IL25 - IL17RB,IL25_IL17RB
IFNL3,IL10RB,IFNL3 - IL10RB,IFNL3_IL10RB
CCL3,CCR4,CCL3 - CCR4,CCL3_CCR4
CCL3,CCR1,CCL3 - CCR1,CCL3_CCR1
CCL3,CCR3,CCL3 - CCR3,CCL3_CCR3
FGF12,FGFR2,FGF12 - FGFR2,FGF12_FGFR2
FGF12,FGFR3,FGF12 - FGFR3,FGF12_FGFR3
CGB5,LHCGR,CGB5 - LHCGR,CGB5_LHCGR
CCL15,CCR1,CCL15 - CCR1,CCL15_CCR1
CCL15,CCR3,CCL15 - CCR3,CCL15_CCR3
CCL23,CCR1,CCL23 - CCR1,CCL23_CCR1
CCL18,CCR8,CCL18 - CCR8,CCL18_CCR8
CCL18,CCR1,CCL18 - CCR1,CCL18_CCR1
CCL18,CCR3,CCL18 - CCR3,CCL18_CCR3
LTBP3,ITGB5,LTBP3 - ITGB5,LTBP3_ITGB5
MST1,MST1R,MST1 - MST1R,MST1_MST1R
CHAD,ITGA2,CHAD - ITGA2,CHAD_ITGA2
NUCB2,ERAP1,NUCB2 - ERAP1,NUCB2_ERAP1
FAT4,DCHS1,FAT4 - DCHS1,FAT4_DCHS1
CD86,CD28,CD86 - CD28,CD86_CD28
ACE2,SLC6A19,ACE2 - SLC6A19,ACE2_SLC6A19
TSLP,IL7R,TSLP - IL7R,TSLP_IL7R
CER1,MRC2,CER1 - MRC2,CER1_MRC2
CD200,CD200R1,CD200 - CD200R1,CD200_CD200R1
C4B,CR1,C4B - CR1,C4B_CR1
C4B,CD46,C4B - CD46,C4B_CD46
IL19,IL20RA,IL19 - IL20RA,IL19_IL20RA
EDN1,EDNRB,EDN1 - EDNRB,EDN1_EDNRB
EDN1,KEL,EDN1 - KEL,EDN1_KEL
SEMA4B,DCBLD2,SEMA4B - DCBLD2,SEMA4B_DCBLD2
PTMA,VIPR1,PTMA - VIPR1,PTMA_VIPR1
TNFSF18,TNFRSF18,TNFSF18 - TNFRSF18,TNFSF18_TNFRSF18
OBP2A,OR1G1,OBP2A - OR1G1,OBP2A_OR1G1
F7,F3,F7 - F3,F7_F3
RGMA,NEO1,RGMA - NEO1,RGMA_NEO1
RGMA,HFE,RGMA - HFE,RGMA_HFE
RGMA,TFR2,RGMA - TFR2,RGMA_TFR2
WNT5B,KLRG2,WNT5B - KLRG2,WNT5B_KLRG2
CD5L,CD5,CD5L - CD5,CD5L_CD5
GSTO1,RYR1,GSTO1 - RYR1,GSTO1_RYR1
ANGPT4,TIE1,ANGPT4 - TIE1,ANGPT4_TIE1
ANGPT4,TEK,ANGPT4 - TEK,ANGPT4_TEK
IRAK4,TLR6,IRAK4 - TLR6,IRAK4_TLR6
IRAK4,TLR4,IRAK4 - TLR4,IRAK4_TLR4
COLQ,MUSK,COLQ - MUSK,COLQ_MUSK
QRFP,QRFPR,QRFP - QRFPR,QRFP_QRFPR
GDF10,ACVR1B,GDF10 - ACVR1B,GDF10_ACVR1B
NID2,ITGB3,NID2 - ITGB3,NID2_ITGB3
NID2,ITGA2,NID2 - ITGA2,NID2_ITGA2
LAMB1,LRP1,LAMB1 - LRP1,LAMB1_LRP1
LAMB1,ITGB3,LAMB1 - ITGB3,LAMB1_ITGB3
C5,ITGA4,C5 - ITGA4,C5_ITGA4
C5,LRP1,C5 - LRP1,C5_LRP1
C5,ITGB3,C5 - ITGB3,C5_ITGB3
C5,LDLR,C5 - LDLR,C5_LDLR
C5,CALCR,C5 - CALCR,C5_CALCR
C5,TLR4,C5 - TLR4,C5_TLR4
C5,ASGR2,C5 - ASGR2,C5_ASGR2
COL1A1,ITGB5,COL1A1 - ITGB5,COL1A1_ITGB5
COL1A1,ITGB3,COL1A1 - ITGB3,COL1A1_ITGB3
COL1A1,ITGB8,COL1A1 - ITGB8,COL1A1_ITGB8
COL1A1,CD47,COL1A1 - CD47,COL1A1_CD47
COL1A1,ITGA2B,COL1A1 - ITGA2B,COL1A1_ITGA2B
COL1A1,SDC3,COL1A1 - SDC3,COL1A1_SDC3
COL1A1,BCAM,COL1A1 - BCAM,COL1A1_BCAM
COL1A1,GPC4,COL1A1 - GPC4,COL1A1_GPC4
COL1A1,ITGA3,COL1A1 - ITGA3,COL1A1_ITGA3
COL1A1,ITGA10,COL1A1 - ITGA10,COL1A1_ITGA10
LAMA4,LRP1,LAMA4 - LRP1,LAMA4_LRP1
LAMA4,ITGB3,LAMA4 - ITGB3,LAMA4_ITGB3
LAMA4,ITGA2,LAMA4 - ITGA2,LAMA4_ITGA2
C3,ITGB3,C3 - ITGB3,C3_ITGB3
C3,TLR4,C3 - TLR4,C3_TLR4
NCAN,ITGB3,NCAN - ITGB3,NCAN_ITGB3
NCAN,ITGA2,NCAN - ITGA2,NCAN_ITGA2
NCAN,CD93,NCAN - CD93,NCAN_CD93
DSC1,LRP1,DSC1 - LRP1,DSC1_LRP1
THBS1,ITGA2,THBS1 - ITGA2,THBS1_ITGA2
VWF,EGFR,VWF - EGFR,VWF_EGFR
VWF,ITGA4,VWF - ITGA4,VWF_ITGA4
VWF,SDC2,VWF - SDC2,VWF_SDC2
VWF,ITGB6,VWF - ITGB6,VWF_ITGB6
VWF,ITGA8,VWF - ITGA8,VWF_ITGA8
VWF,CD46,VWF - CD46,VWF_CD46
VWF,ROBO1,VWF - ROBO1,VWF_ROBO1
VWF,ITGA9,VWF - ITGA9,VWF_ITGA9
VWF,ROBO4,VWF - ROBO4,VWF_ROBO4
CDH1,LRP1,CDH1 - LRP1,CDH1_LRP1
CDH1,ITGB3,CDH1 - ITGB3,CDH1_ITGB3
FARP2,ITGB3,FARP2 - ITGB3,FARP2_ITGB3
LAMC2,ITGB3,LAMC2 - ITGB3,LAMC2_ITGB3
NID1,ITGA2,NID1 - ITGA2,NID1_ITGA2
F13A1,LRP1,F13A1 - LRP1,F13A1_LRP1
F13A1,ITGB3,F13A1 - ITGB3,F13A1_ITGB3
EGF,LRP1,EGF - LRP1,EGF_LRP1
EGF,ITGB3,EGF - ITGB3,EGF_ITGB3
EGF,ITGA2,EGF - ITGA2,EGF_ITGA2
SEMA3D,EGFR,SEMA3D - EGFR,SEMA3D_EGFR
APP,EGFR,APP - EGFR,APP_EGFR
SHANK1,ITGB3,SHANK1 - ITGB3,SHANK1_ITGB3
SHANK1,ITGA2,SHANK1 - ITGA2,SHANK1_ITGA2
SHANK1,CD93,SHANK1 - CD93,SHANK1_CD93
SHANK1,CD47,SHANK1 - CD47,SHANK1_CD47
SHANK1,ITGA3,SHANK1 - ITGA3,SHANK1_ITGA3
COL6A3,ITGA4,COL6A3 - ITGA4,COL6A3_ITGA4
COL6A3,LRP1,COL6A3 - LRP1,COL6A3_LRP1
COL6A3,ITGA3,COL6A3 - ITGA3,COL6A3_ITGA3
COL1A2,ITGB5,COL1A2 - ITGB5,COL1A2_ITGB5
COL1A2,ITGB8,COL1A2 - ITGB8,COL1A2_ITGB8
COL1A2,DDR2,COL1A2 - DDR2,COL1A2_DDR2
COL1A2,DDR1,COL1A2 - DDR1,COL1A2_DDR1
COL1A2,CD47,COL1A2 - CD47,COL1A2_CD47
COL1A2,GPC4,COL1A2 - GPC4,COL1A2_GPC4
COL1A2,ITGA3,COL1A2 - ITGA3,COL1A2_ITGA3
COL1A2,ITGA10,COL1A2 - ITGA10,COL1A2_ITGA10
HSP90B1,EGFR,HSP90B1 - EGFR,HSP90B1_EGFR
HSP90B1,ITGA4,HSP90B1 - ITGA4,HSP90B1_ITGA4
HSP90B1,LRP6,HSP90B1 - LRP6,HSP90B1_LRP6
HSP90B1,LDLR,HSP90B1 - LDLR,HSP90B1_LDLR
HSP90B1,PTPRD,HSP90B1 - PTPRD,HSP90B1_PTPRD
COL6A2,ITGB3,COL6A2 - ITGB3,COL6A2_ITGB3
COL6A2,CD93,COL6A2 - CD93,COL6A2_CD93
COL6A2,CD47,COL6A2 - CD47,COL6A2_CD47
SEMA3E,ITGB3,SEMA3E - ITGB3,SEMA3E_ITGB3
COL3A1,ITGB5,COL3A1 - ITGB5,COL3A1_ITGB5
COL3A1,ITGB3,COL3A1 - ITGB3,COL3A1_ITGB3
COL3A1,ITGB8,COL3A1 - ITGB8,COL3A1_ITGB8
COL3A1,CD36,COL3A1 - CD36,COL3A1_CD36
COL3A1,CD93,COL3A1 - CD93,COL3A1_CD93
COL3A1,ITGA11,COL3A1 - ITGA11,COL3A1_ITGA11
COL3A1,CD47,COL3A1 - CD47,COL3A1_CD47
COL3A1,ITGA2B,COL3A1 - ITGA2B,COL3A1_ITGA2B
COL3A1,GPC4,COL3A1 - GPC4,COL3A1_GPC4
COL3A1,ITGA3,COL3A1 - ITGA3,COL3A1_ITGA3
COL3A1,ITGA10,COL3A1 - ITGA10,COL3A1_ITGA10
NLGN2,ITGB3,NLGN2 - ITGB3,NLGN2_ITGB3
BMP1,ITGB3,BMP1 - ITGB3,BMP1_ITGB3
BMP1,ITGA2,BMP1 - ITGA2,BMP1_ITGA2
FGA,LRP1,FGA - LRP1,FGA_LRP1
FGA,ITGA2,FGA - ITGA2,FGA_ITGA2
FGA,CD93,FGA - CD93,FGA_CD93
TLN1,EGFR,TLN1 - EGFR,TLN1_EGFR
TLN1,ITGB2,TLN1 - ITGB2,TLN1_ITGB2
TLN1,DCC,TLN1 - DCC,TLN1_DCC
TLN1,ERBB2,TLN1 - ERBB2,TLN1_ERBB2
TLN1,ITGA4,TLN1 - ITGA4,TLN1_ITGA4
TLN1,ITGB7,TLN1 - ITGB7,TLN1_ITGB7
TLN1,LRP1,TLN1 - LRP1,TLN1_LRP1
TLN1,SDC2,TLN1 - SDC2,TLN1_SDC2
TLN1,ASGR1,TLN1 - ASGR1,TLN1_ASGR1
TLN1,LRP6,TLN1 - LRP6,TLN1_LRP6
TLN1,C5AR2,TLN1 - C5AR2,TLN1_C5AR2
TLN1,C5AR1,TLN1 - C5AR1,TLN1_C5AR1
TLN1,LDLR,TLN1 - LDLR,TLN1_LDLR
TLN1,SELL,TLN1 - SELL,TLN1_SELL
TLN1,SELP,TLN1 - SELP,TLN1_SELP
TLN1,CALCR,TLN1 - CALCR,TLN1_CALCR
TLN1,TLR6,TLN1 - TLR6,TLN1_TLR6
TLN1,TLR4,TLN1 - TLR4,TLN1_TLR4
TLN1,LRP8,TLN1 - LRP8,TLN1_LRP8
TLN1,CD46,TLN1 - CD46,TLN1_CD46
TLN1,CR1,TLN1 - CR1,TLN1_CR1
TLN1,PTPRD,TLN1 - PTPRD,TLN1_PTPRD
TLN1,ITGA9,TLN1 - ITGA9,TLN1_ITGA9
TLN1,ASGR2,TLN1 - ASGR2,TLN1_ASGR2
LPA,EGFR,LPA - EGFR,LPA_EGFR
LPA,ITGB5,LPA - ITGB5,LPA_ITGB5
LPA,ITGA4,LPA - ITGA4,LPA_ITGA4
LPA,COL13A1,LPA - COL13A1,LPA_COL13A1
LPA,LRP1,LPA - LRP1,LPA_LRP1
LPA,SDC2,LPA - SDC2,LPA_SDC2
LPA,TPO,LPA - TPO,LPA_TPO
LPA,ITGB3,LPA - ITGB3,LPA_ITGB3
LPA,ITGB6,LPA - ITGB6,LPA_ITGB6
LPA,ITGB8,LPA - ITGB8,LPA_ITGB8
LPA,CD36,LPA - CD36,LPA_CD36
LPA,SDC1,LPA - SDC1,LPA_SDC1
LPA,ITGA7,LPA - ITGA7,LPA_ITGA7
LPA,ITGA2,LPA - ITGA2,LPA_ITGA2
LPA,CD93,LPA - CD93,LPA_CD93
LPA,DDR2,LPA - DDR2,LPA_DDR2
LPA,ITGA11,LPA - ITGA11,LPA_ITGA11
LPA,DDR1,LPA - DDR1,LPA_DDR1
LPA,ITGA8,LPA - ITGA8,LPA_ITGA8
LPA,CD47,LPA - CD47,LPA_CD47
LPA,ITGA2B,LPA - ITGA2B,LPA_ITGA2B
LPA,TNFRSF11B,LPA - TNFRSF11B,LPA_TNFRSF11B
LPA,SELP,LPA - SELP,LPA_SELP
LPA,LRP8,LPA - LRP8,LPA_LRP8
LPA,BCAM,LPA - BCAM,LPA_BCAM
LPA,SCARA5,LPA - SCARA5,LPA_SCARA5
LPA,STAB2,LPA - STAB2,LPA_STAB2
LPA,RPSA,LPA - RPSA,LPA_RPSA
LPA,PTPRS,LPA - PTPRS,LPA_PTPRS
LPA,ATP1A3,LPA - ATP1A3,LPA_ATP1A3
LPA,ITGA3,LPA - ITGA3,LPA_ITGA3
LPA,NT5E,LPA - NT5E,LPA_NT5E
LPA,ITGA9,LPA - ITGA9,LPA_ITGA9
LPA,DCHS1,LPA - DCHS1,LPA_DCHS1
LPA,ROBO4,LPA - ROBO4,LPA_ROBO4
LPA,ITGA10,LPA - ITGA10,LPA_ITGA10
LAMA3,LRP1,LAMA3 - LRP1,LAMA3_LRP1
LAMA3,ITGB3,LAMA3 - ITGB3,LAMA3_ITGB3
LAMA3,ITGB6,LAMA3 - ITGB6,LAMA3_ITGB6
LAMA3,ITGA2,LAMA3 - ITGA2,LAMA3_ITGA2
LAMA3,TNFRSF11B,LAMA3 - TNFRSF11B,LAMA3_TNFRSF11B
LAMA3,NT5E,LAMA3 - NT5E,LAMA3_NT5E
LAMA3,ROBO4,LAMA3 - ROBO4,LAMA3_ROBO4
SEMA6D,LRP1,SEMA6D - LRP1,SEMA6D_LRP1
SEMA6D,ITGB3,SEMA6D - ITGB3,SEMA6D_ITGB3
SEMA6D,ITGA2,SEMA6D - ITGA2,SEMA6D_ITGA2
JAG2,ITGB3,JAG2 - ITGB3,JAG2_ITGB3
JAG2,ITGA2,JAG2 - ITGA2,JAG2_ITGA2
CNTN2,ITGB3,CNTN2 - ITGB3,CNTN2_ITGB3
CNTN2,ITGA2,CNTN2 - ITGA2,CNTN2_ITGA2
COL9A3,ITGB5,COL9A3 - ITGB5,COL9A3_ITGB5
COL9A3,ITGB3,COL9A3 - ITGB3,COL9A3_ITGB3
COL9A3,ITGB8,COL9A3 - ITGB8,COL9A3_ITGB8
COL9A3,CD36,COL9A3 - CD36,COL9A3_CD36
COL9A3,ITGA2,COL9A3 - ITGA2,COL9A3_ITGA2
COL9A3,CD93,COL9A3 - CD93,COL9A3_CD93
COL9A3,DDR2,COL9A3 - DDR2,COL9A3_DDR2
COL9A3,ITGA11,COL9A3 - ITGA11,COL9A3_ITGA11
COL9A3,DDR1,COL9A3 - DDR1,COL9A3_DDR1
COL9A3,CD47,COL9A3 - CD47,COL9A3_CD47
COL9A3,ITGA2B,COL9A3 - ITGA2B,COL9A3_ITGA2B
COL9A3,SDC3,COL9A3 - SDC3,COL9A3_SDC3
COL9A3,GPC4,COL9A3 - GPC4,COL9A3_GPC4
COL9A3,ITGA3,COL9A3 - ITGA3,COL9A3_ITGA3
COL9A3,ITGA10,COL9A3 - ITGA10,COL9A3_ITGA10
COL18A1,COL13A1,COL18A1 - COL13A1,COL18A1_COL13A1
COL18A1,ITGB8,COL18A1 - ITGB8,COL18A1_ITGB8
COL18A1,CD36,COL18A1 - CD36,COL18A1_CD36
COL18A1,ITGA2,COL18A1 - ITGA2,COL18A1_ITGA2
COL18A1,CD93,COL18A1 - CD93,COL18A1_CD93
COL18A1,DDR2,COL18A1 - DDR2,COL18A1_DDR2
COL18A1,ITGA11,COL18A1 - ITGA11,COL18A1_ITGA11
COL18A1,DDR1,COL18A1 - DDR1,COL18A1_DDR1
COL18A1,CD47,COL18A1 - CD47,COL18A1_CD47
COL18A1,ITGA2B,COL18A1 - ITGA2B,COL18A1_ITGA2B
COL18A1,SDC3,COL18A1 - SDC3,COL18A1_SDC3
COL18A1,BCAM,COL18A1 - BCAM,COL18A1_BCAM
COL18A1,SSTR2,COL18A1 - SSTR2,COL18A1_SSTR2
COL18A1,PTPRS,COL18A1 - PTPRS,COL18A1_PTPRS
COL18A1,ITGA10,COL18A1 - ITGA10,COL18A1_ITGA10
NLGN3,ITGB3,NLGN3 - ITGB3,NLGN3_ITGB3
F8,EGFR,F8 - EGFR,F8_EGFR
F8,ITGA4,F8 - ITGA4,F8_ITGA4
F8,ITGA2,F8 - ITGA2,F8_ITGA2
F8,C5AR1,F8 - C5AR1,F8_C5AR1
F8,SELP,F8 - SELP,F8_SELP
F8,TLR6,F8 - TLR6,F8_TLR6
F8,TLR4,F8 - TLR4,F8_TLR4
F8,LRP8,F8 - LRP8,F8_LRP8
COL4A2,ITGB8,COL4A2 - ITGB8,COL4A2_ITGB8
COL4A2,CD36,COL4A2 - CD36,COL4A2_CD36
COL4A2,ITGA2,COL4A2 - ITGA2,COL4A2_ITGA2
COL4A2,DDR2,COL4A2 - DDR2,COL4A2_DDR2
COL4A2,ITGA11,COL4A2 - ITGA11,COL4A2_ITGA11
COL4A2,DDR1,COL4A2 - DDR1,COL4A2_DDR1
COL4A2,CD47,COL4A2 - CD47,COL4A2_CD47
COL4A2,ITGA2B,COL4A2 - ITGA2B,COL4A2_ITGA2B
COL4A2,GPC4,COL4A2 - GPC4,COL4A2_GPC4
COL4A2,ITGA3,COL4A2 - ITGA3,COL4A2_ITGA3
COL4A2,ITGA10,COL4A2 - ITGA10,COL4A2_ITGA10
THBS2,LRP1,THBS2 - LRP1,THBS2_LRP1
THBS2,ITGA2,THBS2 - ITGA2,THBS2_ITGA2
ADAM12,ITGB3,ADAM12 - ITGB3,ADAM12_ITGB3
COL11A1,ITGB5,COL11A1 - ITGB5,COL11A1_ITGB5
COL11A1,COL13A1,COL11A1 - COL13A1,COL11A1_COL13A1
COL11A1,ITGB3,COL11A1 - ITGB3,COL11A1_ITGB3
COL11A1,ITGB8,COL11A1 - ITGB8,COL11A1_ITGB8
COL11A1,CD36,COL11A1 - CD36,COL11A1_CD36
COL11A1,CD93,COL11A1 - CD93,COL11A1_CD93
COL11A1,DDR2,COL11A1 - DDR2,COL11A1_DDR2
COL11A1,ITGA11,COL11A1 - ITGA11,COL11A1_ITGA11
COL11A1,CD47,COL11A1 - CD47,COL11A1_CD47
COL11A1,ITGA2B,COL11A1 - ITGA2B,COL11A1_ITGA2B
COL11A1,SDC3,COL11A1 - SDC3,COL11A1_SDC3
COL11A1,BCAM,COL11A1 - BCAM,COL11A1_BCAM
COL11A1,GPC4,COL11A1 - GPC4,COL11A1_GPC4
COL11A1,ITGA3,COL11A1 - ITGA3,COL11A1_ITGA3
COL11A1,ITGA10,COL11A1 - ITGA10,COL11A1_ITGA10
COL5A1,ITGB5,COL5A1 - ITGB5,COL5A1_ITGB5
COL5A1,COL13A1,COL5A1 - COL13A1,COL5A1_COL13A1
COL5A1,ITGB3,COL5A1 - ITGB3,COL5A1_ITGB3
COL5A1,ITGB8,COL5A1 - ITGB8,COL5A1_ITGB8
COL5A1,CD36,COL5A1 - CD36,COL5A1_CD36
COL5A1,ITGA2,COL5A1 - ITGA2,COL5A1_ITGA2
COL5A1,CD93,COL5A1 - CD93,COL5A1_CD93
COL5A1,DDR2,COL5A1 - DDR2,COL5A1_DDR2
COL5A1,ITGA11,COL5A1 - ITGA11,COL5A1_ITGA11
COL5A1,DDR1,COL5A1 - DDR1,COL5A1_DDR1
COL5A1,CD47,COL5A1 - CD47,COL5A1_CD47
COL5A1,ITGA2B,COL5A1 - ITGA2B,COL5A1_ITGA2B
COL5A1,BCAM,COL5A1 - BCAM,COL5A1_BCAM
COL5A1,GPC4,COL5A1 - GPC4,COL5A1_GPC4
COL5A1,ITGA3,COL5A1 - ITGA3,COL5A1_ITGA3
COL5A1,ITGA10,COL5A1 - ITGA10,COL5A1_ITGA10
SPTAN1,LRP1,SPTAN1 - LRP1,SPTAN1_LRP1
SPTAN1,LDLR,SPTAN1 - LDLR,SPTAN1_LDLR
SPTAN1,TLR6,SPTAN1 - TLR6,SPTAN1_TLR6
SPTAN1,TLR4,SPTAN1 - TLR4,SPTAN1_TLR4
SPTAN1,LRP8,SPTAN1 - LRP8,SPTAN1_LRP8
AGRN,ITGB3,AGRN - ITGB3,AGRN_ITGB3
AGRN,ITGA2,AGRN - ITGA2,AGRN_ITGA2
COL2A1,ITGB5,COL2A1 - ITGB5,COL2A1_ITGB5
COL2A1,ITGB3,COL2A1 - ITGB3,COL2A1_ITGB3
COL2A1,ITGB8,COL2A1 - ITGB8,COL2A1_ITGB8
COL2A1,CD36,COL2A1 - CD36,COL2A1_CD36
COL2A1,CD93,COL2A1 - CD93,COL2A1_CD93
COL2A1,DDR2,COL2A1 - DDR2,COL2A1_DDR2
COL2A1,ITGA11,COL2A1 - ITGA11,COL2A1_ITGA11
COL2A1,CD47,COL2A1 - CD47,COL2A1_CD47
COL2A1,GPC4,COL2A1 - GPC4,COL2A1_GPC4
COL2A1,ITGA3,COL2A1 - ITGA3,COL2A1_ITGA3
LAMA1,EGFR,LAMA1 - EGFR,LAMA1_EGFR
LAMA1,ITGA4,LAMA1 - ITGA4,LAMA1_ITGA4
LAMA1,LRP1,LAMA1 - LRP1,LAMA1_LRP1
LAMA1,ITGB3,LAMA1 - ITGB3,LAMA1_ITGB3
LAMA1,ITGB6,LAMA1 - ITGB6,LAMA1_ITGB6
LAMA1,ITGA8,LAMA1 - ITGA8,LAMA1_ITGA8
LAMA1,TNFRSF11B,LAMA1 - TNFRSF11B,LAMA1_TNFRSF11B
LAMA1,LRP8,LAMA1 - LRP8,LAMA1_LRP8
LAMA1,SCARA5,LAMA1 - SCARA5,LAMA1_SCARA5
LAMA1,STAB2,LAMA1 - STAB2,LAMA1_STAB2
LAMA1,ROBO1,LAMA1 - ROBO1,LAMA1_ROBO1
LAMA1,ITGA9,LAMA1 - ITGA9,LAMA1_ITGA9
LAMA1,ROBO4,LAMA1 - ROBO4,LAMA1_ROBO4
LAMB3,ITGB3,LAMB3 - ITGB3,LAMB3_ITGB3
COL4A6,ITGB5,COL4A6 - ITGB5,COL4A6_ITGB5
COL4A6,ITGB3,COL4A6 - ITGB3,COL4A6_ITGB3
COL4A6,ITGB8,COL4A6 - ITGB8,COL4A6_ITGB8
COL4A6,CD36,COL4A6 - CD36,COL4A6_CD36
COL4A6,DDR2,COL4A6 - DDR2,COL4A6_DDR2
COL4A6,ITGA11,COL4A6 - ITGA11,COL4A6_ITGA11
COL4A6,DDR1,COL4A6 - DDR1,COL4A6_DDR1
COL4A6,ITGA2B,COL4A6 - ITGA2B,COL4A6_ITGA2B
COL4A6,GPC4,COL4A6 - GPC4,COL4A6_GPC4
COL4A6,ITGA3,COL4A6 - ITGA3,COL4A6_ITGA3
COL4A6,ITGA10,COL4A6 - ITGA10,COL4A6_ITGA10
COL4A3,ITGB5,COL4A3 - ITGB5,COL4A3_ITGB5
COL4A3,ITGB8,COL4A3 - ITGB8,COL4A3_ITGB8
COL4A3,CD36,COL4A3 - CD36,COL4A3_CD36
COL4A3,DDR2,COL4A3 - DDR2,COL4A3_DDR2
COL4A3,ITGA11,COL4A3 - ITGA11,COL4A3_ITGA11
COL4A3,DDR1,COL4A3 - DDR1,COL4A3_DDR1
COL4A3,ITGA2B,COL4A3 - ITGA2B,COL4A3_ITGA2B
COL4A3,GPC4,COL4A3 - GPC4,COL4A3_GPC4
COL4A3,ITGA10,COL4A3 - ITGA10,COL4A3_ITGA10
COL4A4,ITGB8,COL4A4 - ITGB8,COL4A4_ITGB8
COL4A4,CD36,COL4A4 - CD36,COL4A4_CD36
COL4A4,DDR2,COL4A4 - DDR2,COL4A4_DDR2
COL4A4,ITGA11,COL4A4 - ITGA11,COL4A4_ITGA11
COL4A4,DDR1,COL4A4 - DDR1,COL4A4_DDR1
COL4A4,ITGA2B,COL4A4 - ITGA2B,COL4A4_ITGA2B
COL4A4,ITGA3,COL4A4 - ITGA3,COL4A4_ITGA3
COL4A4,ITGA10,COL4A4 - ITGA10,COL4A4_ITGA10
CNTN4,LRP1,CNTN4 - LRP1,CNTN4_LRP1
CNTN4,ITGB3,CNTN4 - ITGB3,CNTN4_ITGB3
CNTN4,ITGA2,CNTN4 - ITGA2,CNTN4_ITGA2
DSCAM,ITGA4,DSCAM - ITGA4,DSCAM_ITGA4
DSCAM,LRP1,DSCAM - LRP1,DSCAM_LRP1
DSCAM,ITGB3,DSCAM - ITGB3,DSCAM_ITGB3
DSCAM,ITGA2,DSCAM - ITGA2,DSCAM_ITGA2
LAMA2,LRP1,LAMA2 - LRP1,LAMA2_LRP1
LAMA2,ITGB3,LAMA2 - ITGB3,LAMA2_ITGB3
LAMA2,ITGB6,LAMA2 - ITGB6,LAMA2_ITGB6
SHANK2,ITGB3,SHANK2 - ITGB3,SHANK2_ITGB3
SHANK2,ITGA2,SHANK2 - ITGA2,SHANK2_ITGA2
SHANK2,SSTR2,SHANK2 - SSTR2,SHANK2_SSTR2
CPAMD8,LRP1,CPAMD8 - LRP1,CPAMD8_LRP1
CPAMD8,ITGB3,CPAMD8 - ITGB3,CPAMD8_ITGB3
CPAMD8,ITGA2,CPAMD8 - ITGA2,CPAMD8_ITGA2
CPAMD8,NRXN2,CPAMD8 - NRXN2,CPAMD8_NRXN2
A2M,ITGA4,A2M - ITGA4,A2M_ITGA4
A2M,ITGB3,A2M - ITGB3,A2M_ITGB3
A2M,NRXN2,A2M - NRXN2,A2M_NRXN2
A2M,ASGR2,A2M - ASGR2,A2M_ASGR2
DSC3,LRP1,DSC3 - LRP1,DSC3_LRP1
DSC3,ITGB3,DSC3 - ITGB3,DSC3_ITGB3
CP,LRP1,CP - LRP1,CP_LRP1
CP,ITGB3,CP - ITGB3,CP_ITGB3
CUBN,ITGA2,CUBN - ITGA2,CUBN_ITGA2
NRG2,ITGB3,NRG2 - ITGB3,NRG2_ITGB3
LTBP3,ITGB3,LTBP3 - ITGB3,LTBP3_ITGB3
LTBP3,ITGA2,LTBP3 - ITGA2,LTBP3_ITGA2
LTBP3,CD93,LTBP3 - CD93,LTBP3_CD93
ACE2,EGFR,ACE2 - EGFR,ACE2_EGFR
C4B,LRP1,C4B - LRP1,C4B_LRP1
C4B,ITGB3,C4B - ITGB3,C4B_ITGB3
C4B,ITGA2,C4B - ITGA2,C4B_ITGA2
COLQ,CD93,COLQ - CD93,COLQ_CD93
SPTBN2,LRP1,SPTBN2 - LRP1,SPTBN2_LRP1
DSPP,EGFR,DSPP - EGFR,DSPP_EGFR
DSPP,ITGA4,DSPP - ITGA4,DSPP_ITGA4
DSPP,ITGA2,DSPP - ITGA2,DSPP_ITGA2
DSPP,LDLR,DSPP - LDLR,DSPP_LDLR
DSPP,SELL,DSPP - SELL,DSPP_SELL
DSPP,SELP,DSPP - SELP,DSPP_SELP
DSPP,TLR6,DSPP - TLR6,DSPP_TLR6
DSPP,LRP8,DSPP - LRP8,DSPP_LRP8
DSPP,PTPRD,DSPP - PTPRD,DSPP_PTPRD
VIM,GRM7,VIM - GRM7,VIM_GRM7
